"jehu rudeforth","uk","mint chip choco","2022-01-04",5320,180,1,29.56,"Tuesday"
"van tuxwell","india","85% dark bars","2022-08-01",7896,94,8,84.00,"Monday"
"gigi bohling","india","peanut butter cubes","2022-07-07",4501,91,7,49.46,"Thursday"
"jan morforth","australia","peanut butter cubes","2022-04-27",12726,342,4,37.21,"Wednesday"
"jehu rudeforth","uk","peanut butter cubes","2022-02-24",13685,184,2,74.38,"Thursday"
"van tuxwell","india","smooth silky salty","2022-06-06",5376,38,6,141.47,"Monday"
"oby sorrel","uk","99% dark & pure","2022-01-25",13685,176,1,77.76,"Tuesday"
"gunar cockshoot","australia","after nines","2022-03-24",3080,73,3,42.19,"Thursday"
"jehu rudeforth","new zealand","50% dark bites","2022-04-20",3990,59,4,67.63,"Wednesday"
"brien boise","australia","99% dark & pure","2022-07-04",2835,102,7,27.79,"Monday"
"rafaelita blaksland","uk","smooth silky salty","2022-01-13",4704,62,1,75.87,"Thursday"
"barr faughny","usa","orange choco","2022-03-10",3703,11,3,336.64,"Thursday"
"mallorie waber","canada","eclairs","2022-01-13",1442,286,1,5.04,"Thursday"
"karlen mccaffrey","new zealand","drinking choco","2022-07-28",168,156,7,1.08,"Thursday"
"marney o'breen","new zealand","peanut butter cubes","2022-08-03",8379,173,8,48.43,"Wednesday"
"beverie moffet","australia","organic choco syrup","2022-01-26",6790,356,1,19.07,"Wednesday"
"van tuxwell","canada","organic choco syrup","2022-02-14",4067,42,2,96.83,"Monday"
"roddy speechley","usa","smooth silky salty","2022-04-05",3017,140,4,21.55,"Tuesday"
"beverie moffet","canada","milk bars","2022-02-16",8799,250,2,35.20,"Wednesday"
"curtice advani","uk","85% dark bars","2022-06-08",1085,172,6,6.31,"Wednesday"
"brien boise","australia","eclairs","2022-06-27",6888,88,6,78.27,"Monday"
"gunar cockshoot","usa","spicy special slims","2022-02-17",1267,157,2,8.07,"Thursday"
"marney o'breen","usa","after nines","2022-05-30",4753,163,5,29.16,"Monday"
"husein augar","uk","drinking choco","2022-03-14",3003,113,3,26.58,"Monday"
"kaine padly","australia","eclairs","2022-02-28",7672,115,2,66.71,"Monday"
"karlen mccaffrey","india","fruit & nut bars","2022-01-26",168,321,1,0.52,"Wednesday"
"roddy speechley","canada","spicy special slims","2022-02-09",1652,186,2,8.88,"Wednesday"
"husein augar","usa","eclairs","2022-07-07",4025,112,7,35.94,"Thursday"
"dennison crosswaite","new zealand","white choco","2022-07-05",9492,151,7,62.86,"Tuesday"
"dennison crosswaite","new zealand","manuka honey choco","2022-06-15",5061,301,6,16.81,"Wednesday"
"van tuxwell","new zealand","85% dark bars","2022-05-24",1722,121,5,14.23,"Tuesday"
"rafaelita blaksland","uk","99% dark & pure","2022-06-29",12446,150,6,82.97,"Wednesday"
"wilone o'kielt","australia","manuka honey choco","2022-05-11",4284,94,5,45.57,"Wednesday"
"karlen mccaffrey","uk","almond choco","2022-06-30",6839,133,6,51.42,"Thursday"
"andria kimpton","canada","after nines","2022-05-11",2163,70,5,30.90,"Wednesday"
"roddy speechley","usa","manuka honey choco","2022-07-22",9583,315,7,30.42,"Friday"
"andria kimpton","uk","50% dark bites","2022-08-24",2653,314,8,8.45,"Wednesday"
"kelci walkden","new zealand","after nines","2022-07-07",147,72,7,2.04,"Thursday"
"camilla castle","australia","85% dark bars","2022-05-19",3654,14,5,261.00,"Thursday"
"karlen mccaffrey","india","manuka honey choco","2022-07-04",2443,581,7,4.21,"Monday"
"kelci walkden","usa","after nines","2022-06-02",938,16,6,58.63,"Thursday"
"karlen mccaffrey","usa","raspberry choco","2022-04-15",14749,354,4,41.66,"Friday"
"mallorie waber","canada","choco coated almonds","2022-07-11",4781,241,7,19.84,"Monday"
"andria kimpton","india","spicy special slims","2022-02-23",6307,142,2,44.42,"Wednesday"
"madelene upcott","canada","almond choco","2022-08-22",7602,102,8,74.53,"Monday"
"kaine padly","usa","peanut butter cubes","2022-02-16",6790,188,2,36.12,"Wednesday"
"van tuxwell","usa","50% dark bites","2022-01-13",9737,160,1,60.86,"Thursday"
"curtice advani","australia","milk bars","2022-02-14",6979,18,2,387.72,"Monday"
"roddy speechley","india","eclairs","2022-06-10",4382,303,6,14.46,"Friday"
"curtice advani","india","fruit & nut bars","2022-07-07",5243,176,7,29.79,"Thursday"
"curtice advani","canada","almond choco","2022-03-24",4865,70,3,69.50,"Thursday"
"brien boise","australia","fruit & nut bars","2022-06-06",8575,23,6,372.83,"Monday"
"dotty strutley","australia","drinking choco","2022-07-19",91,135,7,0.67,"Tuesday"
"beverie moffet","usa","raspberry choco","2022-04-19",14798,83,4,178.29,"Tuesday"
"marney o'breen","india","85% dark bars","2022-07-19",2205,179,7,12.32,"Tuesday"
"jehu rudeforth","canada","drinking choco","2022-07-15",441,24,7,18.38,"Friday"
"ches bonnell","new zealand","spicy special slims","2022-02-14",3556,18,2,197.56,"Monday"
"brien boise","canada","99% dark & pure","2022-05-18",16793,416,5,40.37,"Wednesday"
"barr faughny","australia","fruit & nut bars","2022-06-30",15421,55,6,280.38,"Thursday"
"andria kimpton","australia","50% dark bites","2022-06-02",4438,227,6,19.55,"Thursday"
"andria kimpton","australia","drinking choco","2022-06-28",1603,48,6,33.40,"Tuesday"
"marney o'breen","australia","organic choco syrup","2022-05-16",273,174,5,1.57,"Monday"
"kelci walkden","canada","baker's choco chips","2022-05-26",3073,302,5,10.18,"Thursday"
"karlen mccaffrey","india","almond choco","2022-07-06",6090,149,7,40.87,"Wednesday"
"oby sorrel","india","99% dark & pure","2022-05-27",10255,11,5,932.27,"Friday"
"wilone o'kielt","australia","caramel stuffed bars","2022-04-14",2030,11,4,184.55,"Thursday"
"van tuxwell","australia","organic choco syrup","2022-08-10",19453,14,8,1389.50,"Wednesday"
"camilla castle","india","50% dark bites","2022-07-04",9275,411,7,22.57,"Monday"
"oby sorrel","india","organic choco syrup","2022-07-08",6181,56,7,110.38,"Friday"
"jan morforth","usa","peanut butter cubes","2022-07-22",9037,102,7,88.60,"Friday"
"gigi bohling","usa","choco coated almonds","2022-03-02",12313,103,3,119.54,"Wednesday"
"gigi bohling","uk","almond choco","2022-01-10",5642,9,1,626.89,"Monday"
"jehu rudeforth","new zealand","white choco","2022-03-11",2800,241,3,11.62,"Friday"
"andria kimpton","new zealand","peanut butter cubes","2022-06-20",959,265,6,3.62,"Monday"
"van tuxwell","uk","organic choco syrup","2022-08-26",2002,214,8,9.36,"Friday"
"roddy speechley","canada","milk bars","2022-07-13",609,32,7,19.03,"Wednesday"
"camilla castle","usa","spicy special slims","2022-02-11",1274,244,2,5.22,"Friday"
"marney o'breen","usa","orange choco","2022-01-27",7595,181,1,41.96,"Thursday"
"van tuxwell","uk","99% dark & pure","2022-01-31",4725,137,1,34.49,"Monday"
"camilla castle","usa","white choco","2022-08-18",9681,24,8,403.38,"Thursday"
"andria kimpton","usa","raspberry choco","2022-06-30",14504,21,6,690.67,"Thursday"
"dotty strutley","australia","fruit & nut bars","2022-08-23",280,311,8,0.90,"Tuesday"
"brien boise","new zealand","mint chip choco","2022-08-01",63,181,8,0.35,"Monday"
"roddy speechley","new zealand","after nines","2022-05-25",8001,10,5,800.10,"Wednesday"
"roddy speechley","canada","organic choco syrup","2022-01-10",4032,82,1,49.17,"Monday"
"dennison crosswaite","australia","70% dark bites","2022-02-07",5859,108,2,54.25,"Monday"
"karlen mccaffrey","usa","orange choco","2022-05-12",11095,401,5,27.67,"Thursday"
"madelene upcott","australia","spicy special slims","2022-03-07",7182,408,3,17.60,"Monday"
"dennison crosswaite","australia","85% dark bars","2022-04-05",6881,420,4,16.38,"Tuesday"
"andria kimpton","canada","caramel stuffed bars","2022-01-03",7154,348,1,20.56,"Monday"
"dennison crosswaite","uk","eclairs","2022-03-24",6188,270,3,22.92,"Thursday"
"madelene upcott","india","raspberry choco","2022-07-07",4221,9,7,469.00,"Thursday"
"van tuxwell","usa","after nines","2022-07-26",630,264,7,2.39,"Tuesday"
"wilone o'kielt","australia","organic choco syrup","2022-07-07",1743,111,7,15.70,"Thursday"
"karlen mccaffrey","canada","50% dark bites","2022-07-15",2919,65,7,44.91,"Friday"
"roddy speechley","new zealand","orange choco","2022-04-01",49,97,4,0.51,"Friday"
"beverie moffet","australia","eclairs","2022-06-20",1827,6,6,304.50,"Monday"
"kelci walkden","uk","fruit & nut bars","2022-06-29",13006,482,6,26.98,"Wednesday"
"marney o'breen","usa","50% dark bites","2022-06-15",1064,106,6,10.04,"Wednesday"
"husein augar","usa","after nines","2022-04-08",11571,180,4,64.28,"Friday"
"dennison crosswaite","australia","raspberry choco","2022-03-14",5740,31,3,185.16,"Monday"
"andria kimpton","usa","fruit & nut bars","2022-07-15",1456,359,7,4.06,"Friday"
"kelci walkden","india","eclairs","2022-04-19",5334,80,4,66.68,"Tuesday"
"marney o'breen","usa","99% dark & pure","2022-03-28",4151,296,3,14.02,"Monday"
"brien boise","canada","spicy special slims","2022-03-04",8106,101,3,80.26,"Friday"
"karlen mccaffrey","new zealand","70% dark bites","2022-08-02",126,40,8,3.15,"Tuesday"
"husein augar","uk","spicy special slims","2022-08-25",4697,42,8,111.83,"Thursday"
"marney o'breen","usa","almond choco","2022-02-25",7798,167,2,46.70,"Friday"
"kelci walkden","india","orange choco","2022-06-07",9408,138,6,68.17,"Tuesday"
"jan morforth","india","spicy special slims","2022-04-12",1939,520,4,3.73,"Tuesday"
"ches bonnell","india","spicy special slims","2022-07-06",10906,94,7,116.02,"Wednesday"
"kelci walkden","uk","smooth silky salty","2022-01-19",5929,175,1,33.88,"Wednesday"
"madelene upcott","australia","fruit & nut bars","2022-01-05",5579,92,1,60.64,"Wednesday"
"madelene upcott","canada","70% dark bites","2022-01-24",10927,141,1,77.50,"Monday"
"wilone o'kielt","australia","drinking choco","2022-04-06",623,283,4,2.20,"Wednesday"
"gunar cockshoot","australia","fruit & nut bars","2022-06-15",6013,21,6,286.33,"Wednesday"
"gigi bohling","canada","baker's choco chips","2022-01-28",1505,47,1,32.02,"Friday"
"kelci walkden","india","caramel stuffed bars","2022-03-16",476,125,3,3.81,"Wednesday"
"rafaelita blaksland","australia","drinking choco","2022-02-21",11550,396,2,29.17,"Monday"
"kelci walkden","usa","manuka honey choco","2022-02-16",17318,87,2,199.06,"Wednesday"
"jehu rudeforth","canada","spicy special slims","2022-01-13",1848,27,1,68.44,"Thursday"
"kelci walkden","australia","eclairs","2022-03-23",7273,547,3,13.30,"Wednesday"
"curtice advani","canada","spicy special slims","2022-06-16",854,118,6,7.24,"Thursday"
"oby sorrel","india","raspberry choco","2022-04-14",6832,46,4,148.52,"Thursday"
"kelci walkden","uk","eclairs","2022-01-25",4606,57,1,80.81,"Tuesday"
"jan morforth","india","almond choco","2022-03-11",4466,22,3,203.00,"Friday"
"dotty strutley","uk","almond choco","2022-07-28",16114,96,7,167.85,"Thursday"
"marney o'breen","new zealand","after nines","2022-03-09",1561,44,3,35.48,"Wednesday"
"husein augar","australia","orange choco","2022-06-28",8897,188,6,47.32,"Tuesday"
"marney o'breen","australia","milk bars","2022-07-28",2464,387,7,6.37,"Thursday"
"kelci walkden","canada","99% dark & pure","2022-08-15",4830,50,8,96.60,"Monday"
"kaine padly","australia","manuka honey choco","2022-01-12",2765,264,1,10.47,"Wednesday"
"beverie moffet","new zealand","white choco","2022-03-24",7126,7,3,1018.00,"Thursday"
"van tuxwell","uk","milk bars","2022-07-25",4263,90,7,47.37,"Monday"
"oby sorrel","canada","99% dark & pure","2022-08-01",3605,403,8,8.95,"Monday"
"van tuxwell","india","organic choco syrup","2022-05-16",19929,174,5,114.53,"Monday"
"roddy speechley","india","smooth silky salty","2022-08-10",5103,140,8,36.45,"Wednesday"
"jan morforth","india","eclairs","2022-01-05",2541,27,1,94.11,"Wednesday"
"ches bonnell","uk","smooth silky salty","2022-07-11",5663,110,7,51.48,"Monday"
"wilone o'kielt","usa","after nines","2022-04-25",392,30,4,13.07,"Monday"
"gigi bohling","new zealand","fruit & nut bars","2022-04-04",10976,121,4,90.71,"Monday"
"barr faughny","usa","raspberry choco","2022-04-12",9282,101,4,91.90,"Tuesday"
"wilone o'kielt","new zealand","85% dark bars","2022-08-02",1827,117,8,15.62,"Tuesday"
"gigi bohling","new zealand","manuka honey choco","2022-06-28",8267,272,6,30.39,"Tuesday"
"ches bonnell","australia","eclairs","2022-07-05",4116,128,7,32.16,"Tuesday"
"rafaelita blaksland","new zealand","choco coated almonds","2022-06-07",2093,45,6,46.51,"Tuesday"
"brien boise","new zealand","smooth silky salty","2022-01-18",1015,27,1,37.59,"Tuesday"
"brien boise","australia","baker's choco chips","2022-01-04",12516,212,1,59.04,"Tuesday"
"dennison crosswaite","australia","99% dark & pure","2022-01-31",2758,18,1,153.22,"Monday"
"kelci walkden","india","almond choco","2022-03-14",3297,149,3,22.13,"Monday"
"camilla castle","australia","70% dark bites","2022-04-29",6048,477,4,12.68,"Friday"
"oby sorrel","india","smooth silky salty","2022-02-07",10101,108,2,93.53,"Monday"
"kaine padly","uk","organic choco syrup","2022-03-31",2282,178,3,12.82,"Thursday"
"marney o'breen","india","caramel stuffed bars","2022-03-16",4361,81,3,53.84,"Wednesday"
"karlen mccaffrey","uk","eclairs","2022-01-25",7798,196,1,39.79,"Tuesday"
"van tuxwell","india","baker's choco chips","2022-06-20",3052,447,6,6.83,"Monday"
"gigi bohling","uk","after nines","2022-03-29",8029,175,3,45.88,"Tuesday"
"curtice advani","australia","orange choco","2022-07-12",854,136,7,6.28,"Tuesday"
"jehu rudeforth","canada","smooth silky salty","2022-07-11",5460,138,7,39.57,"Monday"
"karlen mccaffrey","canada","smooth silky salty","2022-01-19",3017,184,1,16.40,"Wednesday"
"andria kimpton","usa","85% dark bars","2022-04-05",8911,82,4,108.67,"Tuesday"
"jehu rudeforth","canada","milk bars","2022-02-21",7203,12,2,600.25,"Monday"
"rafaelita blaksland","new zealand","caramel stuffed bars","2022-05-20",13083,14,5,934.50,"Friday"
"mallorie waber","australia","milk bars","2022-07-29",2779,104,7,26.72,"Friday"
"barr faughny","usa","fruit & nut bars","2022-01-28",9058,46,1,196.91,"Friday"
"marney o'breen","uk","caramel stuffed bars","2022-07-19",3549,112,7,31.69,"Tuesday"
"mallorie waber","new zealand","manuka honey choco","2022-04-13",9436,11,4,857.82,"Wednesday"
"roddy speechley","india","peanut butter cubes","2022-02-11",10283,21,2,489.67,"Friday"
"roddy speechley","new zealand","milk bars","2022-03-02",5446,116,3,46.95,"Wednesday"
"ches bonnell","australia","white choco","2022-03-02",1043,202,3,5.16,"Wednesday"
"van tuxwell","usa","99% dark & pure","2022-07-28",12586,6,7,2097.67,"Thursday"
"kelci walkden","india","after nines","2022-01-07",1687,520,1,3.24,"Friday"
"brien boise","uk","white choco","2022-04-12",5299,167,4,31.73,"Tuesday"
"van tuxwell","canada","almond choco","2022-06-27",3213,72,6,44.63,"Monday"
"jehu rudeforth","australia","50% dark bites","2022-01-14",5194,418,1,12.43,"Friday"
"karlen mccaffrey","uk","baker's choco chips","2022-02-07",4753,389,2,12.22,"Monday"
"jehu rudeforth","australia","orange choco","2022-03-23",13706,26,3,527.15,"Wednesday"
"marney o'breen","india","peanut butter cubes","2022-01-10",6489,146,1,44.45,"Monday"
"oby sorrel","uk","choco coated almonds","2022-03-17",9324,41,3,227.42,"Thursday"
"gigi bohling","usa","spicy special slims","2022-01-21",10829,54,1,200.54,"Friday"
"barr faughny","australia","white choco","2022-07-04",8113,370,7,21.93,"Monday"
"kaine padly","canada","peanut butter cubes","2022-07-04",3269,176,7,18.57,"Monday"
"dotty strutley","usa","manuka honey choco","2022-08-10",273,210,8,1.30,"Wednesday"
"dennison crosswaite","australia","50% dark bites","2022-04-01",7287,12,4,607.25,"Friday"
"gigi bohling","india","raspberry choco","2022-02-22",2583,159,2,16.25,"Tuesday"
"camilla castle","uk","white choco","2022-01-03",9982,187,1,53.38,"Monday"
"karlen mccaffrey","india","drinking choco","2022-05-31",4795,233,5,20.58,"Tuesday"
"dotty strutley","uk","99% dark & pure","2022-01-03",9310,282,1,33.01,"Monday"
"husein augar","new zealand","caramel stuffed bars","2022-01-27",497,475,1,1.05,"Thursday"
"barr faughny","uk","50% dark bites","2022-01-28",581,65,1,8.94,"Friday"
"curtice advani","australia","organic choco syrup","2022-06-28",3472,311,6,11.16,"Tuesday"
"husein augar","uk","choco coated almonds","2022-03-02",4333,43,3,100.77,"Wednesday"
"wilone o'kielt","australia","after nines","2022-05-27",3325,26,5,127.89,"Friday"
"dennison crosswaite","usa","almond choco","2022-06-30",11718,84,6,139.50,"Thursday"
"barr faughny","canada","peanut butter cubes","2022-06-07",2100,78,6,26.92,"Tuesday"
"kaine padly","usa","70% dark bites","2022-05-12",4018,100,5,40.18,"Thursday"
"barr faughny","new zealand","raspberry choco","2022-07-29",6468,66,7,98.00,"Friday"
"dennison crosswaite","uk","white choco","2022-08-03",7238,265,8,27.31,"Wednesday"
"barr faughny","india","baker's choco chips","2022-08-18",6454,141,8,45.77,"Thursday"
"van tuxwell","new zealand","smooth silky salty","2022-06-14",3115,42,6,74.17,"Tuesday"
"beverie moffet","uk","white choco","2022-06-30",6475,76,6,85.20,"Thursday"
"camilla castle","new zealand","mint chip choco","2022-06-13",1162,190,6,6.12,"Monday"
"ches bonnell","uk","orange choco","2022-04-27",14238,54,4,263.67,"Wednesday"
"jan morforth","australia","white choco","2022-07-27",3472,32,7,108.50,"Wednesday"
"mallorie waber","canada","85% dark bars","2022-04-20",1428,424,4,3.37,"Wednesday"
"rafaelita blaksland","india","spicy special slims","2022-01-04",8064,134,1,60.18,"Tuesday"
"ches bonnell","australia","mint chip choco","2022-02-21",9660,92,2,105.00,"Monday"
"karlen mccaffrey","australia","white choco","2022-01-05",7357,48,1,153.27,"Wednesday"
"beverie moffet","india","drinking choco","2022-07-15",6055,46,7,131.63,"Friday"
"brien boise","australia","choco coated almonds","2022-05-25",5124,62,5,82.65,"Wednesday"
"karlen mccaffrey","canada","eclairs","2022-04-20",3479,358,4,9.72,"Wednesday"
"gigi bohling","usa","99% dark & pure","2022-06-02",784,249,6,3.15,"Thursday"
"marney o'breen","uk","smooth silky salty","2022-05-13",18991,88,5,215.81,"Friday"
"beverie moffet","new zealand","baker's choco chips","2022-08-03",1372,144,8,9.53,"Wednesday"
"beverie moffet","australia","milk bars","2022-05-25",735,390,5,1.89,"Wednesday"
"van tuxwell","uk","raspberry choco","2022-03-16",6538,79,3,82.76,"Wednesday"
"jan morforth","australia","orange choco","2022-07-04",3199,122,7,26.22,"Monday"
"jehu rudeforth","india","50% dark bites","2022-07-05",3472,135,7,25.72,"Tuesday"
"madelene upcott","usa","after nines","2022-03-15",4571,430,3,10.63,"Tuesday"
"barr faughny","uk","raspberry choco","2022-08-22",5481,69,8,79.44,"Monday"
"ches bonnell","australia","70% dark bites","2022-01-12",3136,125,1,25.09,"Wednesday"
"marney o'breen","uk","baker's choco chips","2022-06-10",252,154,6,1.64,"Friday"
"kaine padly","australia","peanut butter cubes","2022-03-25",5460,286,3,19.09,"Friday"
"rafaelita blaksland","india","almond choco","2022-07-27",3395,99,7,34.29,"Wednesday"
"husein augar","uk","caramel stuffed bars","2022-04-15",14938,433,4,34.50,"Friday"
"roddy speechley","india","orange choco","2022-06-27",4053,19,6,213.32,"Monday"
"jehu rudeforth","uk","70% dark bites","2022-04-14",5565,258,4,21.57,"Thursday"
"husein augar","australia","manuka honey choco","2022-03-15",7161,92,3,77.84,"Tuesday"
"madelene upcott","usa","eclairs","2022-03-18",8883,200,3,44.42,"Friday"
"brien boise","india","eclairs","2022-04-29",1351,61,4,22.15,"Friday"
"mallorie waber","new zealand","white choco","2022-02-25",3171,246,2,12.89,"Friday"
"husein augar","usa","milk bars","2022-03-02",854,56,3,15.25,"Wednesday"
"van tuxwell","australia","milk bars","2022-06-20",7910,87,6,90.92,"Monday"
"beverie moffet","canada","white choco","2022-07-15",9275,173,7,53.61,"Friday"
"dotty strutley","australia","50% dark bites","2022-05-12",3108,252,5,12.33,"Thursday"
"mallorie waber","new zealand","organic choco syrup","2022-07-01",5075,256,7,19.82,"Friday"
"husein augar","usa","85% dark bars","2022-08-08",378,54,8,7.00,"Monday"
"madelene upcott","australia","50% dark bites","2022-07-25",7350,6,7,1225.00,"Monday"
"wilone o'kielt","uk","drinking choco","2022-05-18",3388,55,5,61.60,"Wednesday"
"camilla castle","india","peanut butter cubes","2022-07-15",11837,277,7,42.73,"Friday"
"curtice advani","india","70% dark bites","2022-07-05",2282,44,7,51.86,"Tuesday"
"mallorie waber","usa","manuka honey choco","2022-07-04",5425,96,7,56.51,"Monday"
"dotty strutley","uk","70% dark bites","2022-06-20",1267,216,6,5.87,"Monday"
"gunar cockshoot","australia","almond choco","2022-01-25",3752,424,1,8.85,"Tuesday"
"kaine padly","new zealand","spicy special slims","2022-07-01",7728,37,7,208.87,"Friday"
"gigi bohling","usa","50% dark bites","2022-04-13",2296,59,4,38.92,"Wednesday"
"beverie moffet","uk","smooth silky salty","2022-05-04",4403,76,5,57.93,"Wednesday"
"beverie moffet","australia","baker's choco chips","2022-08-04",3192,109,8,29.28,"Thursday"
"beverie moffet","india","70% dark bites","2022-06-01",448,146,6,3.07,"Wednesday"
"jehu rudeforth","uk","choco coated almonds","2022-04-22",4270,185,4,23.08,"Friday"
"kaine padly","usa","50% dark bites","2022-08-03",70,27,8,2.59,"Wednesday"
"ches bonnell","usa","orange choco","2022-06-10",1743,69,6,25.26,"Friday"
"gunar cockshoot","uk","manuka honey choco","2022-06-27",6762,46,6,147.00,"Monday"
"marney o'breen","australia","smooth silky salty","2022-01-03",3745,170,1,22.03,"Monday"
"marney o'breen","india","after nines","2022-07-11",2639,179,7,14.74,"Monday"
"ches bonnell","new zealand","milk bars","2022-08-17",4389,126,8,34.83,"Wednesday"
"rafaelita blaksland","usa","fruit & nut bars","2022-01-18",2604,65,1,40.06,"Tuesday"
"ches bonnell","india","organic choco syrup","2022-03-08",16569,99,3,167.36,"Tuesday"
"mallorie waber","australia","orange choco","2022-03-07",14658,275,3,53.30,"Monday"
"husein augar","india","70% dark bites","2022-05-09",6454,157,5,41.11,"Monday"
"barr faughny","new zealand","85% dark bars","2022-05-23",2100,157,5,13.38,"Monday"
"madelene upcott","uk","caramel stuffed bars","2022-04-15",161,145,4,1.11,"Friday"
"gigi bohling","australia","drinking choco","2022-07-27",2807,139,7,20.19,"Wednesday"
"marney o'breen","canada","choco coated almonds","2022-08-22",2639,406,8,6.50,"Monday"
"ches bonnell","usa","70% dark bites","2022-05-11",4571,122,5,37.47,"Wednesday"
"madelene upcott","india","organic choco syrup","2022-01-26",4781,38,1,125.82,"Wednesday"
"barr faughny","usa","50% dark bites","2022-04-14",13034,117,4,111.40,"Thursday"
"dennison crosswaite","new zealand","mint chip choco","2022-04-05",6454,417,4,15.48,"Tuesday"
"marney o'breen","new zealand","smooth silky salty","2022-06-14",8484,57,6,148.84,"Tuesday"
"brien boise","canada","almond choco","2022-04-13",4781,125,4,38.25,"Wednesday"
"beverie moffet","australia","white choco","2022-06-27",2240,166,6,13.49,"Monday"
"dotty strutley","australia","eclairs","2022-01-26",6979,3,1,2326.33,"Wednesday"
"barr faughny","uk","white choco","2022-07-05",1652,72,7,22.94,"Tuesday"
"beverie moffet","canada","baker's choco chips","2022-01-11",13447,95,1,141.55,"Tuesday"
"kelci walkden","usa","white choco","2022-03-07",9422,22,3,428.27,"Monday"
"kaine padly","canada","50% dark bites","2022-03-04",8687,100,3,86.87,"Friday"
"karlen mccaffrey","canada","organic choco syrup","2022-07-15",2415,312,7,7.74,"Friday"
"kaine padly","uk","peanut butter cubes","2022-05-11",6272,86,5,72.93,"Wednesday"
"karlen mccaffrey","usa","milk bars","2022-01-27",4389,7,1,627.00,"Thursday"
"karlen mccaffrey","india","orange choco","2022-06-27",3122,149,6,20.95,"Monday"
"ches bonnell","india","smooth silky salty","2022-08-03",8043,18,8,446.83,"Wednesday"
"wilone o'kielt","new zealand","mint chip choco","2022-08-19",11662,242,8,48.19,"Friday"
"wilone o'kielt","australia","fruit & nut bars","2022-06-15",392,102,6,3.84,"Wednesday"
"dennison crosswaite","uk","peanut butter cubes","2022-02-07",8925,158,2,56.49,"Monday"
"karlen mccaffrey","australia","almond choco","2022-07-08",7294,128,7,56.98,"Friday"
"dennison crosswaite","india","milk bars","2022-04-21",1526,96,4,15.90,"Thursday"
"ches bonnell","uk","mint chip choco","2022-04-08",2688,209,4,12.86,"Friday"
"husein augar","australia","50% dark bites","2022-08-19",14889,52,8,286.33,"Friday"
"jan morforth","india","fruit & nut bars","2022-05-04",2912,55,5,52.95,"Wednesday"
"mallorie waber","usa","85% dark bars","2022-05-11",2632,108,5,24.37,"Wednesday"
"mallorie waber","usa","eclairs","2022-03-22",6328,51,3,124.08,"Tuesday"
"dennison crosswaite","canada","spicy special slims","2022-08-10",2527,216,8,11.70,"Wednesday"
"dennison crosswaite","usa","fruit & nut bars","2022-05-04",1414,318,5,4.45,"Wednesday"
"kelci walkden","usa","99% dark & pure","2022-08-18",7714,238,8,32.41,"Thursday"
"dotty strutley","canada","raspberry choco","2022-08-03",4347,238,8,18.27,"Wednesday"
"marney o'breen","new zealand","milk bars","2022-01-14",7490,315,1,23.78,"Friday"
"madelene upcott","australia","choco coated almonds","2022-04-08",2058,72,4,28.58,"Friday"
"kelci walkden","uk","orange choco","2022-08-01",3640,3,8,1213.33,"Monday"
"dennison crosswaite","canada","eclairs","2022-03-15",455,45,3,10.11,"Tuesday"
"karlen mccaffrey","india","mint chip choco","2022-07-15",10990,184,7,59.73,"Friday"
"barr faughny","new zealand","almond choco","2022-01-13",5558,127,1,43.76,"Thursday"
"mallorie waber","australia","85% dark bars","2022-08-26",2541,53,8,47.94,"Friday"
"ches bonnell","canada","eclairs","2022-01-10",1876,172,1,10.91,"Monday"
"gigi bohling","australia","white choco","2022-05-11",5523,87,5,63.48,"Wednesday"
"beverie moffet","new zealand","85% dark bars","2022-08-30",11200,22,8,509.09,"Tuesday"
"kaine padly","usa","caramel stuffed bars","2022-07-21",5593,122,7,45.84,"Thursday"
"mallorie waber","australia","almond choco","2022-08-01",7882,125,8,63.06,"Monday"
"brien boise","canada","85% dark bars","2022-02-17",10241,259,2,39.54,"Thursday"
"brien boise","australia","drinking choco","2022-07-27",6832,156,7,43.80,"Wednesday"
"dotty strutley","usa","orange choco","2022-02-23",1379,107,2,12.89,"Wednesday"
"rafaelita blaksland","australia","50% dark bites","2022-03-22",3010,40,3,75.25,"Tuesday"
"dennison crosswaite","india","99% dark & pure","2022-06-23",6888,311,6,22.15,"Thursday"
"curtice advani","uk","white choco","2022-02-01",1540,73,2,21.10,"Tuesday"
"kelci walkden","australia","after nines","2022-03-02",6916,288,3,24.01,"Wednesday"
"gigi bohling","uk","fruit & nut bars","2022-04-06",1232,86,4,14.33,"Wednesday"
"gunar cockshoot","australia","raspberry choco","2022-03-17",602,72,3,8.36,"Thursday"
"curtice advani","uk","fruit & nut bars","2022-06-24",10927,136,6,80.35,"Friday"
"barr faughny","canada","50% dark bites","2022-07-19",10185,303,7,33.61,"Tuesday"
"curtice advani","usa","spicy special slims","2022-07-11",1603,264,7,6.07,"Monday"
"brien boise","india","almond choco","2022-01-13",2170,218,1,9.95,"Thursday"
"oby sorrel","new zealand","smooth silky salty","2022-07-07",8673,60,7,144.55,"Thursday"
"jan morforth","india","85% dark bars","2022-05-25",4760,418,5,11.39,"Wednesday"
"marney o'breen","india","fruit & nut bars","2022-04-13",4753,151,4,31.48,"Wednesday"
"andria kimpton","new zealand","50% dark bites","2022-03-02",3374,202,3,16.70,"Wednesday"
"gunar cockshoot","canada","raspberry choco","2022-06-23",2058,126,6,16.33,"Thursday"
"kelci walkden","usa","drinking choco","2022-07-26",6454,160,7,40.34,"Tuesday"
"van tuxwell","canada","white choco","2022-03-22",420,3,3,140.00,"Tuesday"
"rafaelita blaksland","usa","baker's choco chips","2022-06-09",2863,58,6,49.36,"Thursday"
"van tuxwell","australia","caramel stuffed bars","2022-05-17",5936,59,5,100.61,"Tuesday"
"ches bonnell","new zealand","peanut butter cubes","2022-03-04",889,273,3,3.26,"Friday"
"kelci walkden","canada","milk bars","2022-07-07",16016,28,7,572.00,"Thursday"
"dennison crosswaite","canada","choco coated almonds","2022-01-13",10479,118,1,88.81,"Thursday"
"curtice advani","australia","almond choco","2022-07-13",2912,75,7,38.83,"Wednesday"
"madelene upcott","australia","85% dark bars","2022-06-16",1575,329,6,4.79,"Thursday"
"gigi bohling","uk","50% dark bites","2022-07-18",8197,69,7,118.80,"Monday"
"ches bonnell","uk","manuka honey choco","2022-05-30",4221,395,5,10.69,"Monday"
"gigi bohling","uk","70% dark bites","2022-06-21",840,81,6,10.37,"Tuesday"
"jehu rudeforth","australia","peanut butter cubes","2022-06-24",5691,38,6,149.76,"Friday"
"marney o'breen","india","eclairs","2022-01-13",3472,96,1,36.17,"Thursday"
"curtice advani","canada","fruit & nut bars","2022-04-04",4193,195,4,21.50,"Monday"
"kaine padly","uk","smooth silky salty","2022-06-08",9016,554,6,16.27,"Wednesday"
"karlen mccaffrey","canada","spicy special slims","2022-08-02",6328,47,8,134.64,"Tuesday"
"kelci walkden","usa","organic choco syrup","2022-07-21",9870,152,7,64.93,"Thursday"
"curtice advani","india","spicy special slims","2022-06-20",161,134,6,1.20,"Monday"
"roddy speechley","india","after nines","2022-06-22",2576,112,6,23.00,"Wednesday"
"camilla castle","australia","caramel stuffed bars","2022-05-02",3178,16,5,198.63,"Monday"
"curtice advani","australia","99% dark & pure","2022-01-07",4676,84,1,55.67,"Friday"
"mallorie waber","uk","50% dark bites","2022-02-21",5502,99,2,55.58,"Monday"
"ches bonnell","canada","baker's choco chips","2022-03-21",7462,371,3,20.11,"Monday"
"van tuxwell","uk","drinking choco","2022-04-04",5803,136,4,42.67,"Monday"
"gunar cockshoot","canada","fruit & nut bars","2022-03-24",13888,203,3,68.41,"Thursday"
"gunar cockshoot","new zealand","spicy special slims","2022-06-28",6867,183,6,37.53,"Tuesday"
"gunar cockshoot","australia","drinking choco","2022-01-14",2317,195,1,11.88,"Friday"
"karlen mccaffrey","new zealand","fruit & nut bars","2022-02-07",1218,135,2,9.02,"Monday"
"dennison crosswaite","new zealand","drinking choco","2022-01-11",4109,197,1,20.86,"Tuesday"
"jehu rudeforth","india","99% dark & pure","2022-02-25",1953,242,2,8.07,"Friday"
"dotty strutley","australia","mint chip choco","2022-08-01",6790,25,8,271.60,"Monday"
"roddy speechley","australia","mint chip choco","2022-05-05",6797,252,5,26.97,"Thursday"
"madelene upcott","new zealand","raspberry choco","2022-05-18",9226,415,5,22.23,"Wednesday"
"dotty strutley","new zealand","choco coated almonds","2022-01-04",5733,348,1,16.47,"Tuesday"
"roddy speechley","new zealand","50% dark bites","2022-05-09",4312,211,5,20.44,"Monday"
"rafaelita blaksland","india","smooth silky salty","2022-05-06",1638,81,5,20.22,"Friday"
"husein augar","uk","white choco","2022-01-13",10815,145,1,74.59,"Thursday"
"roddy speechley","australia","almond choco","2022-06-24",4466,74,6,60.35,"Friday"
"van tuxwell","usa","caramel stuffed bars","2022-02-14",987,21,2,47.00,"Monday"
"camilla castle","australia","99% dark & pure","2022-01-18",4669,101,1,46.23,"Tuesday"
"kaine padly","india","milk bars","2022-05-02",2905,91,5,31.92,"Monday"
"ches bonnell","australia","smooth silky salty","2022-05-16",7490,54,5,138.70,"Monday"
"mallorie waber","usa","almond choco","2022-01-28",6986,368,1,18.98,"Friday"
"kaine padly","canada","99% dark & pure","2022-06-24",1288,409,6,3.15,"Friday"
"oby sorrel","uk","after nines","2022-07-18",2345,104,7,22.55,"Monday"
"gunar cockshoot","uk","eclairs","2022-04-13",3619,164,4,22.07,"Wednesday"
"dotty strutley","usa","caramel stuffed bars","2022-04-15",16982,76,4,223.45,"Friday"
"jan morforth","india","peanut butter cubes","2022-01-04",8092,178,1,45.46,"Tuesday"
"husein augar","australia","eclairs","2022-07-04",6993,31,7,225.58,"Monday"
"beverie moffet","usa","smooth silky salty","2022-03-24",2317,352,3,6.58,"Thursday"
"camilla castle","australia","manuka honey choco","2022-03-17",637,169,3,3.77,"Thursday"
"oby sorrel","australia","almond choco","2022-02-15",6034,223,2,27.06,"Tuesday"
"jan morforth","usa","orange choco","2022-06-29",980,146,6,6.71,"Wednesday"
"gigi bohling","usa","fruit & nut bars","2022-05-24",2821,112,5,25.19,"Tuesday"
"mallorie waber","uk","milk bars","2022-01-10",3563,284,1,12.55,"Monday"
"curtice advani","usa","raspberry choco","2022-03-15",2996,139,3,21.55,"Tuesday"
"marney o'breen","canada","milk bars","2022-02-08",2436,309,2,7.88,"Tuesday"
"brien boise","india","caramel stuffed bars","2022-02-25",1540,100,2,15.40,"Friday"
"gunar cockshoot","usa","eclairs","2022-05-03",6916,42,5,164.67,"Tuesday"
"roddy speechley","usa","fruit & nut bars","2022-06-14",5509,24,6,229.54,"Tuesday"
"gunar cockshoot","india","50% dark bites","2022-08-09",12992,83,8,156.53,"Tuesday"
"wilone o'kielt","new zealand","manuka honey choco","2022-07-11",3724,234,7,15.92,"Monday"
"kaine padly","uk","manuka honey choco","2022-01-14",7133,118,1,60.45,"Friday"
"van tuxwell","canada","manuka honey choco","2022-02-24",8617,46,2,187.33,"Thursday"
"wilone o'kielt","new zealand","almond choco","2022-03-15",9198,144,3,63.88,"Tuesday"
"oby sorrel","new zealand","baker's choco chips","2022-04-25",11823,47,4,251.55,"Monday"
"dennison crosswaite","australia","organic choco syrup","2022-05-10",5775,41,5,140.85,"Tuesday"
"marney o'breen","australia","spicy special slims","2022-06-23",13125,275,6,47.73,"Thursday"
"beverie moffet","canada","smooth silky salty","2022-02-28",14287,370,2,38.61,"Monday"
"brien boise","usa","organic choco syrup","2022-05-25",16233,138,5,117.63,"Wednesday"
"roddy speechley","new zealand","baker's choco chips","2022-02-22",5313,215,2,24.71,"Tuesday"
"van tuxwell","uk","85% dark bars","2022-07-11",3577,134,7,26.69,"Monday"
"marney o'breen","canada","spicy special slims","2022-01-03",3528,336,1,10.50,"Monday"
"rafaelita blaksland","new zealand","70% dark bites","2022-08-24",679,280,8,2.43,"Wednesday"
"beverie moffet","usa","50% dark bites","2022-07-28",2450,352,7,6.96,"Thursday"
"brien boise","usa","mint chip choco","2022-05-25",10577,150,5,70.51,"Wednesday"
"karlen mccaffrey","new zealand","eclairs","2022-05-06",2597,177,5,14.67,"Friday"
"barr faughny","india","drinking choco","2022-01-28",2219,142,1,15.63,"Friday"
"marney o'breen","uk","orange choco","2022-06-06",11319,12,6,943.25,"Monday"
"brien boise","new zealand","baker's choco chips","2022-07-12",5978,24,7,249.08,"Tuesday"
"ches bonnell","canada","spicy special slims","2022-08-05",5327,183,8,29.11,"Friday"
"brien boise","usa","orange choco","2022-01-28",6020,147,1,40.95,"Friday"
"kaine padly","india","spicy special slims","2022-08-31",5614,137,8,40.98,"Wednesday"
"mallorie waber","usa","50% dark bites","2022-04-19",1736,13,4,133.54,"Tuesday"
"mallorie waber","uk","mint chip choco","2022-06-29",6384,2,6,3192.00,"Wednesday"
"beverie moffet","india","choco coated almonds","2022-02-24",3577,261,2,13.71,"Thursday"
"madelene upcott","uk","smooth silky salty","2022-03-04",14539,84,3,173.08,"Friday"
"gigi bohling","india","eclairs","2022-06-21",3493,68,6,51.37,"Tuesday"
"rafaelita blaksland","australia","organic choco syrup","2022-01-26",994,105,1,9.47,"Wednesday"
"oby sorrel","new zealand","white choco","2022-06-10",4361,40,6,109.03,"Friday"
"andria kimpton","uk","drinking choco","2022-05-23",1554,65,5,23.91,"Monday"
"kelci walkden","india","milk bars","2022-04-15",966,107,4,9.03,"Friday"
"karlen mccaffrey","new zealand","caramel stuffed bars","2022-01-31",5334,227,1,23.50,"Monday"
"andria kimpton","new zealand","organic choco syrup","2022-03-04",4935,39,3,126.54,"Friday"
"barr faughny","new zealand","after nines","2022-04-19",10024,84,4,119.33,"Tuesday"
"beverie moffet","uk","almond choco","2022-05-16",2506,100,5,25.06,"Monday"
"oby sorrel","australia","raspberry choco","2022-02-17",1043,120,2,8.69,"Thursday"
"dennison crosswaite","usa","raspberry choco","2022-01-18",6524,257,1,25.39,"Tuesday"
"roddy speechley","canada","orange choco","2022-02-09",8148,85,2,95.86,"Wednesday"
"mallorie waber","canada","orange choco","2022-03-23",3577,178,3,20.10,"Wednesday"
"madelene upcott","new zealand","caramel stuffed bars","2022-02-01",3374,151,2,22.34,"Tuesday"
"mallorie waber","india","drinking choco","2022-03-07",3948,142,3,27.80,"Monday"
"ches bonnell","uk","white choco","2022-01-03",3269,226,1,14.47,"Monday"
"ches bonnell","usa","white choco","2022-02-11",5271,341,2,15.46,"Friday"
"dennison crosswaite","new zealand","orange choco","2022-03-16",4571,140,3,32.65,"Wednesday"
"dotty strutley","india","white choco","2022-08-15",12327,330,8,37.36,"Monday"
"gigi bohling","india","manuka honey choco","2022-05-12",4935,73,5,67.60,"Thursday"
"van tuxwell","india","spicy special slims","2022-04-11",6167,4,4,1541.75,"Monday"
"jan morforth","new zealand","mint chip choco","2022-06-30",18340,285,6,64.35,"Thursday"
"dotty strutley","new zealand","white choco","2022-06-15",7014,60,6,116.90,"Wednesday"
"rafaelita blaksland","canada","caramel stuffed bars","2022-08-01",7119,101,8,70.49,"Monday"
"kaine padly","usa","milk bars","2022-06-15",15491,58,6,267.09,"Wednesday"
"brien boise","india","after nines","2022-06-16",5747,45,6,127.71,"Thursday"
"oby sorrel","new zealand","raspberry choco","2022-05-13",4550,281,5,16.19,"Friday"
"dennison crosswaite","usa","drinking choco","2022-05-10",2191,138,5,15.88,"Tuesday"
"oby sorrel","india","eclairs","2022-08-25",5663,322,8,17.59,"Thursday"
"ches bonnell","new zealand","organic choco syrup","2022-07-15",7623,85,7,89.68,"Friday"
"gigi bohling","uk","baker's choco chips","2022-05-16",9023,409,5,22.06,"Monday"
"jan morforth","australia","50% dark bites","2022-06-14",3402,182,6,18.69,"Tuesday"
"beverie moffet","australia","smooth silky salty","2022-01-25",10507,467,1,22.50,"Tuesday"
"ches bonnell","usa","organic choco syrup","2022-07-28",7721,14,7,551.50,"Thursday"
"brien boise","canada","mint chip choco","2022-01-28",5033,178,1,28.28,"Friday"
"kaine padly","uk","orange choco","2022-06-29",1960,191,6,10.26,"Wednesday"
"karlen mccaffrey","australia","70% dark bites","2022-06-24",238,317,6,0.75,"Friday"
"gunar cockshoot","canada","mint chip choco","2022-07-01",7756,410,7,18.92,"Friday"
"roddy speechley","usa","peanut butter cubes","2022-02-25",1736,137,2,12.67,"Friday"
"curtice advani","canada","smooth silky salty","2022-08-01",2660,12,8,221.67,"Monday"
"oby sorrel","australia","milk bars","2022-06-21",7672,254,6,30.21,"Tuesday"
"camilla castle","new zealand","spicy special slims","2022-01-25",11564,24,1,481.83,"Tuesday"
"gigi bohling","uk","milk bars","2022-05-17",1365,232,5,5.88,"Tuesday"
"andria kimpton","australia","85% dark bars","2022-08-23",4186,233,8,17.97,"Tuesday"
"camilla castle","australia","smooth silky salty","2022-03-03",7406,118,3,62.76,"Thursday"
"roddy speechley","india","caramel stuffed bars","2022-05-30",8911,543,5,16.41,"Monday"
"karlen mccaffrey","usa","drinking choco","2022-06-29",112,223,6,0.50,"Wednesday"
"andria kimpton","canada","organic choco syrup","2022-01-04",8204,204,1,40.22,"Tuesday"
"jehu rudeforth","australia","drinking choco","2022-01-14",2611,65,1,40.17,"Friday"
"karlen mccaffrey","usa","mint chip choco","2022-02-15",15652,53,2,295.32,"Tuesday"
"curtice advani","new zealand","spicy special slims","2022-01-10",4074,469,1,8.69,"Monday"
"madelene upcott","usa","white choco","2022-05-04",12250,213,5,57.51,"Wednesday"
"andria kimpton","usa","spicy special slims","2022-05-23",2366,5,5,473.20,"Monday"
"barr faughny","new zealand","fruit & nut bars","2022-04-26",1687,147,4,11.48,"Tuesday"
"oby sorrel","canada","organic choco syrup","2022-07-05",1232,74,7,16.65,"Tuesday"
"madelene upcott","uk","organic choco syrup","2022-07-21",6965,163,7,42.73,"Thursday"
"dotty strutley","usa","mint chip choco","2022-02-21",5292,248,2,21.34,"Monday"
"kelci walkden","usa","orange choco","2022-02-03",1379,138,2,9.99,"Thursday"
"gigi bohling","australia","caramel stuffed bars","2022-07-08",8001,151,7,52.99,"Friday"
"mallorie waber","india","50% dark bites","2022-05-31",588,139,5,4.23,"Tuesday"
"van tuxwell","new zealand","mint chip choco","2022-06-27",4046,103,6,39.28,"Monday"
"van tuxwell","india","50% dark bites","2022-05-13",5103,129,5,39.56,"Friday"
"van tuxwell","usa","manuka honey choco","2022-05-31",2317,102,5,22.72,"Tuesday"
"wilone o'kielt","usa","orange choco","2022-02-28",7042,37,2,190.32,"Monday"
"barr faughny","new zealand","eclairs","2022-03-28",6713,31,3,216.55,"Monday"
"gigi bohling","usa","after nines","2022-01-14",1848,227,1,8.14,"Friday"
"barr faughny","new zealand","mint chip choco","2022-02-21",6440,145,2,44.41,"Monday"
"dennison crosswaite","canada","85% dark bars","2022-08-01",10885,90,8,120.94,"Monday"
"beverie moffet","new zealand","smooth silky salty","2022-05-19",2387,59,5,40.46,"Thursday"
"husein augar","usa","white choco","2022-07-13",2030,60,7,33.83,"Wednesday"
"andria kimpton","australia","peanut butter cubes","2022-04-20",6678,148,4,45.12,"Wednesday"
"dennison crosswaite","india","85% dark bars","2022-06-30",4515,22,6,205.23,"Thursday"
"curtice advani","uk","50% dark bites","2022-03-08",3374,142,3,23.76,"Tuesday"
"gunar cockshoot","usa","fruit & nut bars","2022-03-09",5852,93,3,62.93,"Wednesday"
"oby sorrel","canada","raspberry choco","2022-06-16",1750,208,6,8.41,"Thursday"
"gigi bohling","uk","drinking choco","2022-06-30",5782,42,6,137.67,"Thursday"
"kelci walkden","india","mint chip choco","2022-07-28",2870,120,7,23.92,"Thursday"
"karlen mccaffrey","canada","peanut butter cubes","2022-08-12",3094,159,8,19.46,"Friday"
"barr faughny","uk","mint chip choco","2022-07-07",3724,316,7,11.79,"Thursday"
"barr faughny","usa","85% dark bars","2022-08-25",12761,47,8,271.51,"Thursday"
"husein augar","canada","eclairs","2022-01-17",3696,233,1,15.86,"Monday"
"jan morforth","australia","70% dark bites","2022-03-04",5222,384,3,13.60,"Friday"
"marney o'breen","new zealand","fruit & nut bars","2022-08-25",8939,4,8,2234.75,"Thursday"
"ches bonnell","uk","peanut butter cubes","2022-04-15",2156,260,4,8.29,"Friday"
"kaine padly","usa","organic choco syrup","2022-03-11",2380,22,3,108.18,"Friday"
"camilla castle","usa","raspberry choco","2022-05-20",3339,18,5,185.50,"Friday"
"brien boise","new zealand","manuka honey choco","2022-06-14",14980,42,6,356.67,"Tuesday"
"jehu rudeforth","new zealand","after nines","2022-04-14",1512,73,4,20.71,"Thursday"
"jehu rudeforth","usa","smooth silky salty","2022-07-07",6657,154,7,43.23,"Thursday"
"madelene upcott","india","mint chip choco","2022-08-24",3836,71,8,54.03,"Wednesday"
"jehu rudeforth","india","eclairs","2022-02-24",8771,127,2,69.06,"Thursday"
"karlen mccaffrey","canada","raspberry choco","2022-05-09",651,224,5,2.91,"Monday"
"kaine padly","australia","70% dark bites","2022-02-08",6706,223,2,30.07,"Tuesday"
"roddy speechley","uk","70% dark bites","2022-03-24",1421,284,3,5.00,"Thursday"
"rafaelita blaksland","usa","drinking choco","2022-06-20",8526,73,6,116.80,"Monday"
"mallorie waber","canada","manuka honey choco","2022-03-07",1435,112,3,12.81,"Monday"
"kaine padly","australia","fruit & nut bars","2022-06-20",7434,85,6,87.46,"Monday"
"oby sorrel","new zealand","organic choco syrup","2022-02-17",15316,270,2,56.73,"Thursday"
"madelene upcott","uk","99% dark & pure","2022-01-26",10479,45,1,232.87,"Wednesday"
"madelene upcott","australia","mint chip choco","2022-05-02",2751,153,5,17.98,"Monday"
"curtice advani","canada","99% dark & pure","2022-07-07",12586,7,7,1798.00,"Thursday"
"rafaelita blaksland","australia","baker's choco chips","2022-08-22",2786,51,8,54.63,"Monday"
"karlen mccaffrey","australia","after nines","2022-08-11",2303,67,8,34.37,"Thursday"
"marney o'breen","uk","99% dark & pure","2022-01-13",8113,194,1,41.82,"Thursday"
"gunar cockshoot","australia","50% dark bites","2022-03-02",12271,116,3,105.78,"Wednesday"
"marney o'breen","australia","choco coated almonds","2022-07-27",11298,41,7,275.56,"Wednesday"
"kelci walkden","new zealand","drinking choco","2022-03-10",15855,111,3,142.84,"Thursday"
"beverie moffet","usa","85% dark bars","2022-08-23",12404,334,8,37.14,"Tuesday"
"roddy speechley","usa","eclairs","2022-04-25",3990,155,4,25.74,"Monday"
"dennison crosswaite","uk","milk bars","2022-03-07",10808,407,3,26.56,"Monday"
"wilone o'kielt","uk","organic choco syrup","2022-07-12",4858,52,7,93.42,"Tuesday"
"madelene upcott","usa","orange choco","2022-05-16",7742,138,5,56.10,"Monday"
"gunar cockshoot","india","smooth silky salty","2022-03-02",3752,70,3,53.60,"Wednesday"
"marney o'breen","new zealand","85% dark bars","2022-05-30",1218,149,5,8.17,"Monday"
"marney o'breen","uk","manuka honey choco","2022-06-10",10983,179,6,61.36,"Friday"
"brien boise","usa","99% dark & pure","2022-07-25",6769,353,7,19.18,"Monday"
"beverie moffet","new zealand","mint chip choco","2022-06-09",4361,97,6,44.96,"Thursday"
"dennison crosswaite","usa","milk bars","2022-05-12",777,60,5,12.95,"Thursday"
"gunar cockshoot","usa","drinking choco","2022-05-09",3843,5,5,768.60,"Monday"
"brien boise","canada","manuka honey choco","2022-08-09",6930,182,8,38.08,"Tuesday"
"van tuxwell","india","choco coated almonds","2022-04-13",5733,114,4,50.29,"Wednesday"
"andria kimpton","usa","caramel stuffed bars","2022-05-02",8393,46,5,182.46,"Monday"
"dotty strutley","usa","99% dark & pure","2022-08-09",3822,320,8,11.94,"Tuesday"
"camilla castle","australia","raspberry choco","2022-08-23",6342,178,8,35.63,"Tuesday"
"gunar cockshoot","india","spicy special slims","2022-05-13",6510,170,5,38.29,"Friday"
"karlen mccaffrey","usa","manuka honey choco","2022-02-01",10171,67,2,151.81,"Tuesday"
"camilla castle","usa","50% dark bites","2022-06-23",5908,301,6,19.63,"Thursday"
"madelene upcott","uk","choco coated almonds","2022-05-24",10164,134,5,75.85,"Tuesday"
"jan morforth","canada","mint chip choco","2022-04-01",1064,211,4,5.04,"Friday"
"camilla castle","canada","70% dark bites","2022-07-27",9716,151,7,64.34,"Wednesday"
"ches bonnell","india","peanut butter cubes","2022-01-27",22050,208,1,106.01,"Thursday"
"jan morforth","india","choco coated almonds","2022-08-12",2541,134,8,18.96,"Friday"
"gigi bohling","canada","almond choco","2022-02-01",9989,49,2,203.86,"Tuesday"
"rafaelita blaksland","india","after nines","2022-03-02",4739,204,3,23.23,"Wednesday"
"kelci walkden","australia","99% dark & pure","2022-06-30",3185,34,6,93.68,"Thursday"
"dotty strutley","australia","spicy special slims","2022-01-17",8225,91,1,90.39,"Monday"
"brien boise","usa","milk bars","2022-07-07",14301,130,7,110.01,"Thursday"
"mallorie waber","new zealand","mint chip choco","2022-01-31",1316,107,1,12.30,"Monday"
"beverie moffet","uk","99% dark & pure","2022-08-10",3486,121,8,28.81,"Wednesday"
"beverie moffet","usa","peanut butter cubes","2022-08-18",13930,339,8,41.09,"Thursday"
"brien boise","new zealand","white choco","2022-06-15",5509,321,6,17.16,"Wednesday"
"marney o'breen","usa","baker's choco chips","2022-01-26",8470,9,1,941.11,"Wednesday"
"kelci walkden","usa","spicy special slims","2022-04-29",77,69,4,1.12,"Friday"
"mallorie waber","canada","white choco","2022-03-03",3381,72,3,46.96,"Thursday"
"kaine padly","australia","almond choco","2022-02-22",4102,392,2,10.46,"Tuesday"
"oby sorrel","usa","smooth silky salty","2022-03-04",3577,158,3,22.64,"Friday"
"dennison crosswaite","india","smooth silky salty","2022-07-07",2975,9,7,330.56,"Thursday"
"camilla castle","new zealand","caramel stuffed bars","2022-06-17",4137,347,6,11.92,"Friday"
"jan morforth","canada","caramel stuffed bars","2022-08-02",9541,114,8,83.69,"Tuesday"
"oby sorrel","usa","baker's choco chips","2022-08-12",8001,120,8,66.68,"Friday"
"madelene upcott","new zealand","peanut butter cubes","2022-01-28",5152,333,1,15.47,"Friday"
"kelci walkden","australia","orange choco","2022-04-29",11116,432,4,25.73,"Friday"
"marney o'breen","australia","manuka honey choco","2022-04-05",13076,236,4,55.41,"Tuesday"
"kaine padly","canada","manuka honey choco","2022-01-18",10213,135,1,75.65,"Tuesday"
"jehu rudeforth","uk","baker's choco chips","2022-05-16",2485,97,5,25.62,"Monday"
"kelci walkden","australia","white choco","2022-08-24",8715,168,8,51.88,"Wednesday"
"curtice advani","india","85% dark bars","2022-01-18",273,402,1,0.68,"Tuesday"
"kaine padly","usa","eclairs","2022-08-22",7623,10,8,762.30,"Monday"
"gunar cockshoot","uk","99% dark & pure","2022-03-07",7,84,3,0.08,"Monday"
"beverie moffet","uk","choco coated almonds","2022-03-04",3010,69,3,43.62,"Friday"
"dotty strutley","canada","manuka honey choco","2022-04-22",11550,111,4,104.05,"Friday"
"kaine padly","australia","milk bars","2022-06-09",4046,89,6,45.46,"Thursday"
"jan morforth","canada","fruit & nut bars","2022-07-25",8904,199,7,44.74,"Monday"
"jan morforth","india","smooth silky salty","2022-08-03",11298,89,8,126.94,"Wednesday"
"rafaelita blaksland","australia","manuka honey choco","2022-08-03",4396,131,8,33.56,"Wednesday"
"jehu rudeforth","uk","milk bars","2022-05-03",12068,227,5,53.16,"Tuesday"
"husein augar","canada","after nines","2022-01-19",9772,301,1,32.47,"Wednesday"
"roddy speechley","usa","50% dark bites","2022-02-11",10458,316,2,33.10,"Friday"
"van tuxwell","india","almond choco","2022-06-14",6426,390,6,16.48,"Tuesday"
"kelci walkden","usa","50% dark bites","2022-03-23",6188,223,3,27.75,"Wednesday"
"madelene upcott","canada","85% dark bars","2022-02-17",7504,101,2,74.30,"Thursday"
"dennison crosswaite","canada","smooth silky salty","2022-03-17",1750,479,3,3.65,"Thursday"
"mallorie waber","australia","spicy special slims","2022-06-29",5439,287,6,18.95,"Wednesday"
"ches bonnell","canada","choco coated almonds","2022-08-24",15547,269,8,57.80,"Wednesday"
"gigi bohling","canada","spicy special slims","2022-07-04",11956,277,7,43.16,"Monday"
"roddy speechley","new zealand","almond choco","2022-03-28",2723,67,3,40.64,"Monday"
"curtice advani","india","smooth silky salty","2022-04-19",19327,135,4,143.16,"Tuesday"
"ches bonnell","new zealand","mint chip choco","2022-01-18",9058,229,1,39.56,"Tuesday"
"van tuxwell","new zealand","fruit & nut bars","2022-01-17",2996,88,1,34.05,"Monday"
"andria kimpton","new zealand","mint chip choco","2022-02-15",8848,211,2,41.93,"Tuesday"
"andria kimpton","uk","milk bars","2022-02-11",14336,293,2,48.93,"Friday"
"camilla castle","usa","manuka honey choco","2022-03-21",16401,179,3,91.63,"Monday"
"gunar cockshoot","new zealand","almond choco","2022-01-05",5173,129,1,40.10,"Wednesday"
"brien boise","india","raspberry choco","2022-05-30",6328,164,5,38.59,"Monday"
"jehu rudeforth","usa","99% dark & pure","2022-01-04",2534,219,1,11.57,"Tuesday"
"beverie moffet","australia","fruit & nut bars","2022-04-22",1435,258,4,5.56,"Friday"
"gigi bohling","canada","milk bars","2022-02-10",3052,116,2,26.31,"Thursday"
"dotty strutley","india","spicy special slims","2022-08-12",910,204,8,4.46,"Friday"
"gunar cockshoot","usa","organic choco syrup","2022-08-10",2331,321,8,7.26,"Wednesday"
"kelci walkden","australia","raspberry choco","2022-06-07",679,56,6,12.13,"Tuesday"
"jehu rudeforth","india","baker's choco chips","2022-06-06",2086,74,6,28.19,"Monday"
"karlen mccaffrey","new zealand","baker's choco chips","2022-04-05",5012,189,4,26.52,"Tuesday"
"wilone o'kielt","usa","50% dark bites","2022-04-18",4501,131,4,34.36,"Monday"
"andria kimpton","india","50% dark bites","2022-01-31",13482,15,1,898.80,"Monday"
"madelene upcott","usa","baker's choco chips","2022-08-22",5621,140,8,40.15,"Monday"
"jehu rudeforth","australia","99% dark & pure","2022-02-25",10486,198,2,52.96,"Friday"
"jan morforth","australia","mint chip choco","2022-02-22",17626,103,2,171.13,"Tuesday"
"oby sorrel","new zealand","milk bars","2022-01-12",4494,187,1,24.03,"Wednesday"
"brien boise","uk","almond choco","2022-05-25",105,125,5,0.84,"Wednesday"
"kelci walkden","india","smooth silky salty","2022-02-01",2464,8,2,308.00,"Tuesday"
"rafaelita blaksland","uk","eclairs","2022-04-27",1379,70,4,19.70,"Wednesday"
"gigi bohling","usa","smooth silky salty","2022-07-22",2583,126,7,20.50,"Friday"
"curtice advani","new zealand","mint chip choco","2022-01-26",3220,265,1,12.15,"Wednesday"
"curtice advani","usa","mint chip choco","2022-08-24",4802,296,8,16.22,"Wednesday"
"madelene upcott","new zealand","fruit & nut bars","2022-01-18",5677,21,1,270.33,"Tuesday"
"karlen mccaffrey","india","85% dark bars","2022-03-30",945,83,3,11.39,"Wednesday"
"ches bonnell","australia","caramel stuffed bars","2022-01-17",8757,162,1,54.06,"Monday"
"kelci walkden","usa","fruit & nut bars","2022-02-17",4816,145,2,33.21,"Thursday"
"kelci walkden","canada","peanut butter cubes","2022-04-08",7532,44,4,171.18,"Friday"
"gigi bohling","canada","drinking choco","2022-07-06",3549,82,7,43.28,"Wednesday"
"husein augar","india","fruit & nut bars","2022-04-04",4340,226,4,19.20,"Monday"
"jan morforth","new zealand","organic choco syrup","2022-03-02",1799,207,3,8.69,"Wednesday"
"gigi bohling","new zealand","raspberry choco","2022-08-09",1127,176,8,6.40,"Tuesday"
"dennison crosswaite","australia","milk bars","2022-06-09",10038,286,6,35.10,"Thursday"
"ches bonnell","uk","caramel stuffed bars","2022-06-02",2926,300,6,9.75,"Thursday"
"van tuxwell","usa","fruit & nut bars","2022-07-05",6279,235,7,26.72,"Tuesday"
"andria kimpton","canada","eclairs","2022-08-11",308,125,8,2.46,"Thursday"
"madelene upcott","india","choco coated almonds","2022-02-11",3500,145,2,24.14,"Friday"
"kelci walkden","new zealand","spicy special slims","2022-08-11",658,65,8,10.12,"Thursday"
"roddy speechley","australia","drinking choco","2022-05-12",12565,102,5,123.19,"Thursday"
"wilone o'kielt","usa","milk bars","2022-07-15",5012,93,7,53.89,"Friday"
"andria kimpton","india","organic choco syrup","2022-01-18",3955,134,1,29.52,"Tuesday"
"madelene upcott","uk","fruit & nut bars","2022-01-05",8512,189,1,45.04,"Wednesday"
"curtice advani","australia","50% dark bites","2022-06-29",504,232,6,2.17,"Wednesday"
"brien boise","canada","raspberry choco","2022-06-14",2800,45,6,62.22,"Tuesday"
"gunar cockshoot","india","mint chip choco","2022-08-08",4256,67,8,63.52,"Monday"
"dennison crosswaite","india","mint chip choco","2022-03-23",13573,138,3,98.36,"Wednesday"
"barr faughny","india","caramel stuffed bars","2022-01-04",6566,99,1,66.32,"Tuesday"
"brien boise","india","milk bars","2022-02-22",13503,251,2,53.80,"Tuesday"
"beverie moffet","uk","spicy special slims","2022-02-17",8680,252,2,34.44,"Thursday"
"barr faughny","usa","almond choco","2022-02-03",385,78,2,4.94,"Thursday"
"van tuxwell","canada","raspberry choco","2022-03-17",1267,130,3,9.75,"Thursday"
"wilone o'kielt","australia","baker's choco chips","2022-01-25",2961,154,1,19.23,"Tuesday"
"brien boise","australia","milk bars","2022-07-27",1981,52,7,38.10,"Wednesday"
"husein augar","australia","fruit & nut bars","2022-01-28",7959,53,1,150.17,"Friday"
"madelene upcott","australia","organic choco syrup","2022-07-05",10794,50,7,215.88,"Tuesday"
"van tuxwell","india","white choco","2022-03-15",1897,44,3,43.11,"Tuesday"
"gunar cockshoot","canada","after nines","2022-08-04",2744,200,8,13.72,"Thursday"
"jan morforth","usa","fruit & nut bars","2022-06-27",4382,361,6,12.14,"Monday"
"jan morforth","canada","after nines","2022-07-13",4515,172,7,26.25,"Wednesday"
"barr faughny","new zealand","manuka honey choco","2022-02-24",5474,239,2,22.90,"Thursday"
"karlen mccaffrey","new zealand","85% dark bars","2022-06-28",6069,55,6,110.35,"Tuesday"
"oby sorrel","australia","85% dark bars","2022-06-30",6944,27,6,257.19,"Thursday"
"curtice advani","canada","choco coated almonds","2022-08-18",5859,7,8,837.00,"Thursday"
"kaine padly","india","70% dark bites","2022-01-24",12173,301,1,40.44,"Monday"
"beverie moffet","usa","white choco","2022-03-11",5292,134,3,39.49,"Friday"
"ches bonnell","new zealand","after nines","2022-06-23",5705,350,6,16.30,"Thursday"
"husein augar","india","spicy special slims","2022-08-22",2492,33,8,75.52,"Monday"
"gunar cockshoot","canada","50% dark bites","2022-01-04",3024,23,1,131.48,"Tuesday"
"curtice advani","india","milk bars","2022-04-05",3437,201,4,17.10,"Tuesday"
"beverie moffet","india","milk bars","2022-04-15",1869,323,4,5.79,"Friday"
"husein augar","australia","white choco","2022-05-11",3171,220,5,14.41,"Wednesday"
"andria kimpton","canada","manuka honey choco","2022-07-21",4858,488,7,9.96,"Thursday"
"jan morforth","new zealand","orange choco","2022-02-11",1225,84,2,14.58,"Friday"
"andria kimpton","canada","smooth silky salty","2022-07-08",1155,79,7,14.62,"Friday"
"gunar cockshoot","uk","raspberry choco","2022-08-11",6811,344,8,19.80,"Thursday"
"husein augar","new zealand","after nines","2022-08-04",6433,7,8,919.00,"Thursday"
"andria kimpton","new zealand","orange choco","2022-06-14",8169,88,6,92.83,"Tuesday"
"dennison crosswaite","uk","baker's choco chips","2022-01-17",2275,275,1,8.27,"Monday"
"jehu rudeforth","canada","orange choco","2022-06-23",3857,512,6,7.53,"Thursday"
"jehu rudeforth","uk","smooth silky salty","2022-08-24",1463,113,8,12.95,"Wednesday"
"andria kimpton","uk","caramel stuffed bars","2022-06-07",7924,275,6,28.82,"Tuesday"
"jan morforth","uk","white choco","2022-06-22",8799,47,6,187.21,"Wednesday"
"dotty strutley","usa","fruit & nut bars","2022-07-13",2898,276,7,10.50,"Wednesday"
"kelci walkden","uk","choco coated almonds","2022-05-24",9506,212,5,44.84,"Tuesday"
"gunar cockshoot","new zealand","after nines","2022-08-09",7175,145,8,49.48,"Tuesday"
"kaine padly","canada","85% dark bars","2022-04-06",1729,31,4,55.77,"Wednesday"
"jan morforth","new zealand","manuka honey choco","2022-07-28",1589,271,7,5.86,"Thursday"
"gunar cockshoot","new zealand","raspberry choco","2022-08-24",630,52,8,12.12,"Wednesday"
"van tuxwell","australia","99% dark & pure","2022-01-17",112,128,1,0.88,"Monday"
"curtice advani","usa","drinking choco","2022-02-07",5187,142,2,36.53,"Monday"
"brien boise","australia","spicy special slims","2022-05-09",6223,256,5,24.31,"Monday"
"mallorie waber","new zealand","85% dark bars","2022-06-06",7714,106,6,72.77,"Monday"
"wilone o'kielt","usa","choco coated almonds","2022-06-06",9457,6,6,1576.17,"Monday"
"beverie moffet","new zealand","organic choco syrup","2022-05-24",6678,226,5,29.55,"Tuesday"
"gunar cockshoot","uk","50% dark bites","2022-01-13",2107,121,1,17.41,"Thursday"
"marney o'breen","usa","raspberry choco","2022-05-23",6069,151,5,40.19,"Monday"
"jehu rudeforth","uk","white choco","2022-06-29",1862,284,6,6.56,"Wednesday"
"jehu rudeforth","new zealand","85% dark bars","2022-03-11",6972,89,3,78.34,"Friday"
"dotty strutley","usa","85% dark bars","2022-04-25",10220,508,4,20.12,"Monday"
"rafaelita blaksland","australia","smooth silky salty","2022-05-30",3969,243,5,16.33,"Monday"
"curtice advani","india","manuka honey choco","2022-05-23",1547,170,5,9.10,"Monday"
"mallorie waber","usa","peanut butter cubes","2022-05-23",1162,18,5,64.56,"Monday"
"van tuxwell","canada","peanut butter cubes","2022-06-24",6342,282,6,22.49,"Friday"
"kelci walkden","new zealand","smooth silky salty","2022-03-11",10633,277,3,38.39,"Friday"
"rafaelita blaksland","usa","smooth silky salty","2022-07-27",15057,212,7,71.02,"Wednesday"
"rafaelita blaksland","usa","white choco","2022-08-16",4704,126,8,37.33,"Tuesday"
"roddy speechley","canada","smooth silky salty","2022-03-07",9338,11,3,848.91,"Monday"
"curtice advani","new zealand","after nines","2022-04-05",7959,30,4,265.30,"Tuesday"
"camilla castle","india","85% dark bars","2022-05-04",9023,51,5,176.92,"Wednesday"
"ches bonnell","usa","choco coated almonds","2022-01-04",14525,92,1,157.88,"Tuesday"
"marney o'breen","australia","baker's choco chips","2022-01-13",5810,101,1,57.53,"Thursday"
"wilone o'kielt","new zealand","fruit & nut bars","2022-07-11",6426,98,7,65.57,"Monday"
"kaine padly","australia","mint chip choco","2022-05-17",4403,159,5,27.69,"Tuesday"
"camilla castle","new zealand","peanut butter cubes","2022-07-21",1582,62,7,25.52,"Thursday"
"curtice advani","canada","organic choco syrup","2022-02-22",791,22,2,35.96,"Tuesday"
"jan morforth","india","99% dark & pure","2022-05-23",9100,187,5,48.66,"Monday"
"rafaelita blaksland","canada","drinking choco","2022-07-12",9884,200,7,49.42,"Tuesday"
"jan morforth","uk","orange choco","2022-06-15",3780,201,6,18.81,"Wednesday"
"barr faughny","new zealand","50% dark bites","2022-06-23",4557,308,6,14.80,"Thursday"
"curtice advani","australia","eclairs","2022-03-25",5796,55,3,105.38,"Friday"
"jan morforth","india","caramel stuffed bars","2022-07-04",84,153,7,0.55,"Monday"
"andria kimpton","uk","white choco","2022-05-12",9037,101,5,89.48,"Thursday"
"camilla castle","new zealand","raspberry choco","2022-04-04",4746,137,4,34.64,"Monday"
"madelene upcott","australia","orange choco","2022-04-15",6713,398,4,16.87,"Friday"
"roddy speechley","canada","eclairs","2022-03-08",6237,88,3,70.88,"Tuesday"
"karlen mccaffrey","india","white choco","2022-01-17",7483,232,1,32.25,"Monday"
"wilone o'kielt","india","mint chip choco","2022-08-22",1309,51,8,25.67,"Monday"
"andria kimpton","uk","99% dark & pure","2022-07-25",1155,66,7,17.50,"Monday"
"marney o'breen","uk","50% dark bites","2022-06-14",2989,124,6,24.11,"Tuesday"
"ches bonnell","india","choco coated almonds","2022-04-05",9625,78,4,123.40,"Tuesday"
"madelene upcott","uk","raspberry choco","2022-08-26",7357,341,8,21.58,"Friday"
"wilone o'kielt","australia","50% dark bites","2022-08-03",10031,114,8,87.99,"Wednesday"
"gigi bohling","canada","white choco","2022-07-11",6587,4,7,1646.75,"Monday"
"wilone o'kielt","new zealand","eclairs","2022-03-11",3311,22,3,150.50,"Friday"
"brien boise","uk","peanut butter cubes","2022-01-10",15330,30,1,511.00,"Monday"
"roddy speechley","uk","baker's choco chips","2022-04-04",14028,351,4,39.97,"Monday"
"karlen mccaffrey","australia","50% dark bites","2022-01-17",6678,708,1,9.43,"Monday"
"marney o'breen","new zealand","organic choco syrup","2022-07-08",8624,50,7,172.48,"Friday"
"jan morforth","uk","organic choco syrup","2022-04-12",1197,356,4,3.36,"Tuesday"
"rafaelita blaksland","canada","fruit & nut bars","2022-08-24",483,185,8,2.61,"Wednesday"
"ches bonnell","uk","choco coated almonds","2022-06-07",1687,236,6,7.15,"Tuesday"
"gunar cockshoot","canada","almond choco","2022-07-28",1309,30,7,43.63,"Thursday"
"husein augar","usa","99% dark & pure","2022-02-21",9534,111,2,85.89,"Monday"
"dennison crosswaite","canada","mint chip choco","2022-04-08",1694,289,4,5.86,"Friday"
"brien boise","uk","manuka honey choco","2022-06-28",70,103,6,0.68,"Tuesday"
"van tuxwell","uk","baker's choco chips","2022-03-24",2443,20,3,122.15,"Thursday"
"barr faughny","australia","caramel stuffed bars","2022-07-29",2933,55,7,53.33,"Friday"
"dennison crosswaite","usa","eclairs","2022-05-25",2044,90,5,22.71,"Wednesday"
"gigi bohling","australia","raspberry choco","2022-03-30",6524,303,3,21.53,"Wednesday"
"dennison crosswaite","usa","organic choco syrup","2022-07-18",12656,126,7,100.44,"Monday"
"beverie moffet","canada","orange choco","2022-05-10",8722,109,5,80.02,"Tuesday"
"mallorie waber","australia","choco coated almonds","2022-03-18",15750,92,3,171.20,"Friday"
"ches bonnell","india","caramel stuffed bars","2022-06-15",6839,56,6,122.13,"Wednesday"
"van tuxwell","canada","50% dark bites","2022-05-12",13685,58,5,235.95,"Thursday"
"kelci walkden","new zealand","baker's choco chips","2022-06-23",2912,110,6,26.47,"Thursday"
"beverie moffet","india","spicy special slims","2022-04-21",3339,171,4,19.53,"Thursday"
"gigi bohling","australia","almond choco","2022-08-17",910,117,8,7.78,"Wednesday"
"rafaelita blaksland","new zealand","eclairs","2022-02-07",19481,51,2,381.98,"Monday"
"kelci walkden","canada","smooth silky salty","2022-03-17",8099,118,3,68.64,"Thursday"
"jan morforth","india","baker's choco chips","2022-08-01",13727,79,8,173.76,"Monday"
"jehu rudeforth","australia","milk bars","2022-03-18",8659,29,3,298.59,"Friday"
"gigi bohling","canada","fruit & nut bars","2022-06-14",5782,103,6,56.14,"Tuesday"
"beverie moffet","uk","eclairs","2022-04-22",8463,155,4,54.60,"Friday"
"marney o'breen","new zealand","eclairs","2022-01-18",4914,31,1,158.52,"Tuesday"
"husein augar","australia","99% dark & pure","2022-08-26",3087,128,8,24.12,"Friday"
"gunar cockshoot","new zealand","fruit & nut bars","2022-06-10",9205,419,6,21.97,"Friday"
"curtice advani","canada","70% dark bites","2022-01-31",2303,7,1,329.00,"Monday"
"kelci walkden","new zealand","manuka honey choco","2022-04-08",1358,106,4,12.81,"Friday"
"dotty strutley","australia","baker's choco chips","2022-06-07",3605,68,6,53.02,"Tuesday"
"barr faughny","australia","85% dark bars","2022-02-10",8498,44,2,193.14,"Thursday"
"beverie moffet","australia","50% dark bites","2022-05-16",700,457,5,1.53,"Monday"
"gunar cockshoot","india","baker's choco chips","2022-03-18",2191,524,3,4.18,"Friday"
"van tuxwell","australia","50% dark bites","2022-07-13",644,137,7,4.70,"Wednesday"
"oby sorrel","usa","manuka honey choco","2022-07-25",4340,86,7,50.47,"Monday"
"van tuxwell","canada","choco coated almonds","2022-08-19",2282,296,8,7.71,"Friday"
"karlen mccaffrey","canada","70% dark bites","2022-06-24",7714,597,6,12.92,"Friday"
"kelci walkden","canada","fruit & nut bars","2022-06-20",826,149,6,5.54,"Monday"
"camilla castle","india","99% dark & pure","2022-08-02",203,207,8,0.98,"Tuesday"
"madelene upcott","new zealand","70% dark bites","2022-02-22",13356,93,2,143.61,"Tuesday"
"mallorie waber","new zealand","orange choco","2022-02-01",6510,23,2,283.04,"Tuesday"
"jan morforth","canada","70% dark bites","2022-02-14",5894,305,2,19.33,"Monday"
"kelci walkden","australia","milk bars","2022-02-24",7910,125,2,63.28,"Thursday"
"dennison crosswaite","india","orange choco","2022-03-18",784,129,3,6.08,"Friday"
"husein augar","uk","eclairs","2022-08-30",1750,252,8,6.94,"Tuesday"
"gigi bohling","usa","peanut butter cubes","2022-05-09",280,75,5,3.73,"Monday"
"wilone o'kielt","usa","smooth silky salty","2022-01-18",504,87,1,5.79,"Tuesday"
"curtice advani","india","white choco","2022-07-04",7154,342,7,20.92,"Monday"
"oby sorrel","new zealand","spicy special slims","2022-06-03",1617,13,6,124.39,"Friday"
"beverie moffet","new zealand","peanut butter cubes","2022-02-23",10822,30,2,360.73,"Wednesday"
"dotty strutley","new zealand","99% dark & pure","2022-05-09",10724,203,5,52.83,"Monday"
"kelci walkden","india","70% dark bites","2022-06-06",3640,106,6,34.34,"Monday"
"kelci walkden","india","drinking choco","2022-07-04",7532,234,7,32.19,"Monday"
"brien boise","new zealand","drinking choco","2022-06-06",1582,100,6,15.82,"Monday"
"dotty strutley","australia","almond choco","2022-05-13",1456,91,5,16.00,"Friday"
"wilone o'kielt","new zealand","organic choco syrup","2022-01-31",2016,277,1,7.28,"Monday"
"ches bonnell","new zealand","caramel stuffed bars","2022-06-30",7588,42,6,180.67,"Thursday"
"barr faughny","canada","manuka honey choco","2022-08-25",3402,249,8,13.66,"Thursday"
"gigi bohling","new zealand","smooth silky salty","2022-01-10",700,97,1,7.22,"Monday"
"brien boise","usa","manuka honey choco","2022-08-22",1904,8,8,238.00,"Monday"
"roddy speechley","new zealand","85% dark bars","2022-04-14",4844,275,4,17.62,"Thursday"
"oby sorrel","uk","smooth silky salty","2022-05-31",9625,313,5,30.75,"Tuesday"
"oby sorrel","uk","raspberry choco","2022-04-08",4599,323,4,14.24,"Friday"
"roddy speechley","usa","drinking choco","2022-02-21",3003,155,2,19.37,"Monday"
"andria kimpton","australia","manuka honey choco","2022-03-30",9744,377,3,25.85,"Wednesday"
"mallorie waber","india","raspberry choco","2022-03-02",1400,2,3,700.00,"Wednesday"
"jehu rudeforth","usa","orange choco","2022-07-28",364,170,7,2.14,"Thursday"
"kaine padly","new zealand","70% dark bites","2022-03-24",7231,38,3,190.29,"Thursday"
"curtice advani","australia","after nines","2022-08-11",63,105,8,0.60,"Thursday"
"husein augar","uk","almond choco","2022-05-17",8309,166,5,50.05,"Tuesday"
"kaine padly","canada","choco coated almonds","2022-05-18",3164,164,5,19.29,"Wednesday"
"roddy speechley","uk","peanut butter cubes","2022-08-17",5691,171,8,33.28,"Wednesday"
"ches bonnell","new zealand","eclairs","2022-04-04",490,49,4,10.00,"Monday"
"brien boise","india","85% dark bars","2022-08-09",18032,205,8,87.96,"Tuesday"
"brien boise","new zealand","organic choco syrup","2022-01-17",637,313,1,2.04,"Monday"
"andria kimpton","canada","white choco","2022-02-14",4067,29,2,140.24,"Monday"
"gigi bohling","new zealand","orange choco","2022-05-16",8204,307,5,26.72,"Monday"
"ches bonnell","canada","smooth silky salty","2022-03-16",9870,121,3,81.57,"Wednesday"
"husein augar","canada","70% dark bites","2022-01-31",5131,285,1,18.00,"Monday"
"barr faughny","canada","organic choco syrup","2022-03-10",1141,205,3,5.57,"Thursday"
"oby sorrel","uk","organic choco syrup","2022-06-30",7980,157,6,50.83,"Thursday"
"van tuxwell","new zealand","eclairs","2022-03-01",5229,182,3,28.73,"Tuesday"
"mallorie waber","uk","drinking choco","2022-05-27",3423,100,5,34.23,"Friday"
"oby sorrel","uk","milk bars","2022-07-11",6468,223,7,29.00,"Monday"
"karlen mccaffrey","new zealand","mint chip choco","2022-03-02",4326,61,3,70.92,"Wednesday"
"jehu rudeforth","usa","raspberry choco","2022-03-04",7154,133,3,53.79,"Friday"
"kelci walkden","uk","85% dark bars","2022-06-23",3997,228,6,17.53,"Thursday"
"kelci walkden","usa","almond choco","2022-01-27",5180,233,1,22.23,"Thursday"
"marney o'breen","canada","orange choco","2022-01-14",2723,425,1,6.41,"Friday"
"dennison crosswaite","india","fruit & nut bars","2022-07-29",952,24,7,39.67,"Friday"
"brien boise","canada","smooth silky salty","2022-05-13",5691,495,5,11.50,"Friday"
"barr faughny","canada","baker's choco chips","2022-02-03",10969,170,2,64.52,"Thursday"
"brien boise","india","smooth silky salty","2022-05-27",5964,26,5,229.39,"Friday"
"jan morforth","australia","drinking choco","2022-02-18",2821,24,2,117.54,"Friday"
"brien boise","india","spicy special slims","2022-01-28",1302,33,1,39.46,"Friday"
"van tuxwell","uk","eclairs","2022-06-29",5474,109,6,50.22,"Wednesday"
"wilone o'kielt","india","caramel stuffed bars","2022-01-13",4179,276,1,15.14,"Thursday"
"jehu rudeforth","uk","after nines","2022-06-27",1946,164,6,11.87,"Monday"
"barr faughny","canada","white choco","2022-03-29",4291,1,3,4291.00,"Tuesday"
"gunar cockshoot","india","organic choco syrup","2022-06-03",7196,160,6,44.98,"Friday"
"mallorie waber","canada","smooth silky salty","2022-03-21",1939,98,3,19.79,"Monday"
"mallorie waber","india","eclairs","2022-04-12",10437,46,4,226.89,"Tuesday"
"rafaelita blaksland","australia","raspberry choco","2022-01-19",6916,259,1,26.70,"Wednesday"
"karlen mccaffrey","uk","50% dark bites","2022-04-06",3647,310,4,11.77,"Wednesday"
"kaine padly","australia","50% dark bites","2022-08-02",8995,78,8,115.32,"Tuesday"
"gigi bohling","australia","eclairs","2022-04-12",7252,136,4,53.32,"Tuesday"
"oby sorrel","india","drinking choco","2022-07-21",16380,130,7,126.00,"Thursday"
"van tuxwell","new zealand","baker's choco chips","2022-03-22",9660,24,3,402.50,"Tuesday"
"husein augar","india","peanut butter cubes","2022-05-09",4522,5,5,904.40,"Monday"
"andria kimpton","australia","baker's choco chips","2022-08-09",329,109,8,3.02,"Tuesday"
"madelene upcott","canada","choco coated almonds","2022-07-20",3458,294,7,11.76,"Wednesday"
"brien boise","india","70% dark bites","2022-04-14",4641,413,4,11.24,"Thursday"
"jehu rudeforth","canada","white choco","2022-01-25",4627,136,1,34.02,"Tuesday"
"andria kimpton","australia","almond choco","2022-04-25",3192,175,4,18.24,"Monday"
"dotty strutley","canada","after nines","2022-01-17",252,237,1,1.06,"Monday"
"karlen mccaffrey","usa","eclairs","2022-08-15",868,125,8,6.94,"Monday"
"karlen mccaffrey","canada","fruit & nut bars","2022-06-02",210,16,6,13.13,"Thursday"
"gunar cockshoot","usa","85% dark bars","2022-06-30",7007,135,6,51.90,"Thursday"
"dotty strutley","new zealand","raspberry choco","2022-02-10",5845,91,2,64.23,"Thursday"
"marney o'breen","canada","caramel stuffed bars","2022-02-23",1372,614,2,2.24,"Wednesday"
"dennison crosswaite","india","organic choco syrup","2022-01-27",8428,216,1,39.02,"Thursday"
"camilla castle","uk","mint chip choco","2022-05-26",4977,317,5,15.70,"Thursday"
"brien boise","usa","70% dark bites","2022-04-14",1694,21,4,80.67,"Thursday"
"madelene upcott","australia","99% dark & pure","2022-08-01",4326,154,8,28.09,"Monday"
"mallorie waber","australia","eclairs","2022-08-22",9527,222,8,42.91,"Monday"
"marney o'breen","india","99% dark & pure","2022-07-22",10766,157,7,68.57,"Friday"
"husein augar","usa","fruit & nut bars","2022-04-28",1288,27,4,47.70,"Thursday"
"kelci walkden","australia","almond choco","2022-05-30",4879,350,5,13.94,"Monday"
"ches bonnell","usa","milk bars","2022-07-21",2408,157,7,15.34,"Thursday"
"jan morforth","uk","caramel stuffed bars","2022-08-02",3094,468,8,6.61,"Tuesday"
"brien boise","new zealand","70% dark bites","2022-06-15",7231,130,6,55.62,"Wednesday"
"oby sorrel","india","85% dark bars","2022-07-05",8981,130,7,69.09,"Tuesday"
"kaine padly","new zealand","smooth silky salty","2022-04-12",7,518,4,0.01,"Tuesday"
"gigi bohling","australia","70% dark bites","2022-08-18",1372,105,8,13.07,"Thursday"
"jan morforth","uk","50% dark bites","2022-01-12",5250,293,1,17.92,"Wednesday"
"gunar cockshoot","canada","white choco","2022-08-11",7560,15,8,504.00,"Thursday"
"jehu rudeforth","australia","spicy special slims","2022-01-13",5012,384,1,13.05,"Thursday"
"husein augar","uk","baker's choco chips","2022-04-29",3038,135,4,22.50,"Friday"
"rafaelita blaksland","new zealand","after nines","2022-07-07",1099,92,7,11.95,"Thursday"
"madelene upcott","new zealand","mint chip choco","2022-03-11",7413,4,3,1853.25,"Friday"
"madelene upcott","uk","70% dark bites","2022-02-16",5397,239,2,22.58,"Wednesday"
"barr faughny","australia","organic choco syrup","2022-01-07",2303,33,1,69.79,"Friday"
"beverie moffet","new zealand","drinking choco","2022-01-12",1141,518,1,2.20,"Wednesday"
"beverie moffet","india","eclairs","2022-06-09",10325,147,6,70.24,"Thursday"
"andria kimpton","india","eclairs","2022-05-16",2149,84,5,25.58,"Monday"
"gigi bohling","uk","85% dark bars","2022-06-23",12362,94,6,131.51,"Thursday"
"roddy speechley","uk","raspberry choco","2022-01-28",12635,194,1,65.13,"Friday"
"dotty strutley","uk","mint chip choco","2022-07-14",2443,216,7,11.31,"Thursday"
"barr faughny","canada","drinking choco","2022-04-18",6237,247,4,25.25,"Monday"
"oby sorrel","usa","milk bars","2022-06-14",1736,79,6,21.98,"Tuesday"
"oby sorrel","uk","orange choco","2022-04-15",7315,237,4,30.87,"Friday"
"curtice advani","canada","peanut butter cubes","2022-05-19",4935,63,5,78.33,"Thursday"
"gigi bohling","india","white choco","2022-04-13",1393,172,4,8.10,"Wednesday"
"husein augar","canada","choco coated almonds","2022-08-15",3381,408,8,8.29,"Monday"
"wilone o'kielt","india","choco coated almonds","2022-08-22",2933,233,8,12.59,"Monday"
"wilone o'kielt","new zealand","baker's choco chips","2022-04-22",3836,59,4,65.02,"Friday"
"kaine padly","uk","choco coated almonds","2022-08-03",8022,123,8,65.22,"Wednesday"
"dennison crosswaite","new zealand","organic choco syrup","2022-01-04",371,229,1,1.62,"Tuesday"
"kelci walkden","canada","after nines","2022-01-13",16702,198,1,84.35,"Thursday"
"van tuxwell","australia","baker's choco chips","2022-05-11",13258,32,5,414.31,"Wednesday"
"husein augar","new zealand","peanut butter cubes","2022-02-16",2058,236,2,8.72,"Wednesday"
"kaine padly","uk","caramel stuffed bars","2022-05-20",10192,67,5,152.12,"Friday"
"jehu rudeforth","uk","drinking choco","2022-02-03",7140,438,2,16.30,"Thursday"
"beverie moffet","india","manuka honey choco","2022-05-06",9835,167,5,58.89,"Friday"
"gunar cockshoot","uk","choco coated almonds","2022-06-30",5775,135,6,42.78,"Thursday"
"gunar cockshoot","uk","smooth silky salty","2022-03-22",749,148,3,5.06,"Tuesday"
"camilla castle","canada","orange choco","2022-02-17",7770,54,2,143.89,"Thursday"
"jehu rudeforth","uk","85% dark bars","2022-07-07",5502,64,7,85.97,"Thursday"
"oby sorrel","uk","70% dark bites","2022-03-16",6223,181,3,34.38,"Wednesday"
"kelci walkden","uk","99% dark & pure","2022-08-12",3507,114,8,30.76,"Friday"
"gigi bohling","new zealand","after nines","2022-01-21",5600,181,1,30.94,"Friday"
"oby sorrel","australia","50% dark bites","2022-05-06",721,151,5,4.78,"Friday"
"oby sorrel","canada","50% dark bites","2022-06-24",6615,137,6,48.29,"Friday"
"barr faughny","usa","white choco","2022-05-05",7420,163,5,45.52,"Thursday"
"rafaelita blaksland","new zealand","99% dark & pure","2022-03-25",3164,84,3,37.67,"Friday"
"curtice advani","australia","caramel stuffed bars","2022-02-14",9114,140,2,65.10,"Monday"
"curtice advani","new zealand","85% dark bars","2022-05-12",5404,187,5,28.90,"Thursday"
"barr faughny","new zealand","smooth silky salty","2022-01-25",3990,169,1,23.61,"Tuesday"
"ches bonnell","uk","85% dark bars","2022-06-28",14924,12,6,1243.67,"Tuesday"
"dennison crosswaite","australia","drinking choco","2022-07-13",7091,194,7,36.55,"Wednesday"
"roddy speechley","usa","milk bars","2022-05-16",2807,252,5,11.14,"Monday"
"jan morforth","india","after nines","2022-03-14",6496,168,3,38.67,"Monday"
"gunar cockshoot","usa","after nines","2022-08-15",3738,261,8,14.32,"Monday"
"ches bonnell","india","orange choco","2022-02-16",1190,256,2,4.65,"Wednesday"
"mallorie waber","uk","manuka honey choco","2022-06-15",8379,43,6,194.86,"Wednesday"
"barr faughny","australia","raspberry choco","2022-05-27",9268,100,5,92.68,"Friday"
"wilone o'kielt","usa","drinking choco","2022-06-14",1029,98,6,10.50,"Tuesday"
"wilone o'kielt","india","eclairs","2022-02-25",3549,76,2,46.70,"Friday"
"wilone o'kielt","india","after nines","2022-08-04",12026,262,8,45.90,"Thursday"
"kelci walkden","india","99% dark & pure","2022-06-28",2303,244,6,9.44,"Tuesday"
"gunar cockshoot","canada","spicy special slims","2022-04-05",13405,12,4,1117.08,"Tuesday"
"madelene upcott","canada","peanut butter cubes","2022-07-05",14763,113,7,130.65,"Tuesday"
"kaine padly","new zealand","eclairs","2022-01-20",12894,48,1,268.63,"Thursday"
"ches bonnell","new zealand","drinking choco","2022-02-16",8302,131,2,63.37,"Wednesday"
"curtice advani","uk","drinking choco","2022-07-12",455,174,7,2.62,"Tuesday"
"kelci walkden","india","raspberry choco","2022-06-16",8183,254,6,32.22,"Thursday"
"dotty strutley","australia","choco coated almonds","2022-04-13",1645,284,4,5.79,"Wednesday"
"kaine padly","uk","50% dark bites","2022-02-21",3143,67,2,46.91,"Monday"
"roddy speechley","canada","choco coated almonds","2022-05-11",5873,249,5,23.59,"Wednesday"
"ches bonnell","india","50% dark bites","2022-04-15",11298,313,4,36.10,"Friday"
"oby sorrel","canada","peanut butter cubes","2022-06-07",12425,167,6,74.40,"Tuesday"
"oby sorrel","uk","white choco","2022-06-27",1715,286,6,6.00,"Monday"
"barr faughny","india","after nines","2022-07-29",8190,109,7,75.14,"Friday"
"wilone o'kielt","canada","smooth silky salty","2022-06-02",4991,166,6,30.07,"Thursday"
"rafaelita blaksland","india","mint chip choco","2022-01-26",15491,85,1,182.25,"Wednesday"
"rafaelita blaksland","canada","99% dark & pure","2022-03-02",5096,142,3,35.89,"Wednesday"
"van tuxwell","australia","70% dark bites","2022-01-10",7063,104,1,67.91,"Monday"
"beverie moffet","usa","70% dark bites","2022-06-27",2275,115,6,19.78,"Monday"
"barr faughny","canada","orange choco","2022-06-30",7602,18,6,422.33,"Thursday"
"roddy speechley","australia","85% dark bars","2022-07-08",4200,80,7,52.50,"Friday"
"oby sorrel","india","spicy special slims","2022-06-08",11137,88,6,126.56,"Wednesday"
"jan morforth","uk","manuka honey choco","2022-08-18",3388,212,8,15.98,"Thursday"
"kaine padly","australia","after nines","2022-04-08",6832,306,4,22.33,"Friday"
"wilone o'kielt","canada","fruit & nut bars","2022-08-08",3437,181,8,18.99,"Monday"
"wilone o'kielt","uk","milk bars","2022-08-26",301,65,8,4.63,"Friday"
"oby sorrel","canada","fruit & nut bars","2022-01-14",1869,158,1,11.83,"Friday"
"dennison crosswaite","usa","baker's choco chips","2022-08-11",17465,271,8,64.45,"Thursday"
"madelene upcott","usa","almond choco","2022-05-31",10143,24,5,422.63,"Tuesday"
"van tuxwell","new zealand","50% dark bites","2022-07-11",3626,10,7,362.60,"Monday"
"karlen mccaffrey","canada","caramel stuffed bars","2022-03-02",3346,304,3,11.01,"Wednesday"
"madelene upcott","australia","raspberry choco","2022-07-13",6321,88,7,71.83,"Wednesday"
"rafaelita blaksland","uk","spicy special slims","2022-08-03",9345,133,8,70.26,"Wednesday"
"curtice advani","uk","peanut butter cubes","2022-03-01",15008,165,3,90.96,"Tuesday"
"kelci walkden","new zealand","white choco","2022-04-13",7609,150,4,50.73,"Wednesday"
"beverie moffet","canada","fruit & nut bars","2022-02-14",10332,180,2,57.40,"Monday"
"mallorie waber","india","white choco","2022-07-26",819,213,7,3.85,"Tuesday"
"brien boise","uk","drinking choco","2022-01-27",5754,133,1,43.26,"Thursday"
"jehu rudeforth","india","peanut butter cubes","2022-04-14",28,446,4,0.06,"Thursday"
"oby sorrel","usa","almond choco","2022-05-19",6440,141,5,45.67,"Thursday"
"husein augar","india","eclairs","2022-02-09",4956,58,2,85.45,"Wednesday"
"brien boise","uk","spicy special slims","2022-05-25",2352,58,5,40.55,"Wednesday"
"oby sorrel","australia","manuka honey choco","2022-01-26",3906,76,1,51.40,"Wednesday"
"beverie moffet","india","white choco","2022-07-04",1813,296,7,6.13,"Monday"
"ches bonnell","india","almond choco","2022-04-13",11788,73,4,161.48,"Wednesday"
"gigi bohling","australia","smooth silky salty","2022-01-25",5768,119,1,48.47,"Tuesday"
"camilla castle","usa","85% dark bars","2022-04-25",2401,78,4,30.78,"Monday"
"camilla castle","usa","eclairs","2022-06-10",4515,392,6,11.52,"Friday"
"madelene upcott","new zealand","white choco","2022-08-22",10794,51,8,211.65,"Monday"
"van tuxwell","india","after nines","2022-06-27",13706,207,6,66.21,"Monday"
"husein augar","india","orange choco","2022-06-30",4361,40,6,109.03,"Thursday"
"jehu rudeforth","india","almond choco","2022-08-30",10122,100,8,101.22,"Tuesday"
"karlen mccaffrey","australia","raspberry choco","2022-08-23",994,57,8,17.44,"Tuesday"
"camilla castle","new zealand","99% dark & pure","2022-08-26",2268,42,8,54.00,"Friday"
"gigi bohling","australia","orange choco","2022-03-09",574,156,3,3.68,"Wednesday"
"kelci walkden","uk","drinking choco","2022-04-20",1792,23,4,77.91,"Wednesday"
"mallorie waber","canada","caramel stuffed bars","2022-06-10",4844,539,6,8.99,"Friday"
"husein augar","australia","organic choco syrup","2022-02-08",938,158,2,5.94,"Tuesday"
"brien boise","australia","white choco","2022-08-25",4879,22,8,221.77,"Thursday"
"dotty strutley","india","peanut butter cubes","2022-02-16",9107,73,2,124.75,"Wednesday"
"dennison crosswaite","uk","99% dark & pure","2022-05-30",12187,27,5,451.37,"Monday"
"gigi bohling","new zealand","50% dark bites","2022-06-29",5670,64,6,88.59,"Wednesday"
"gigi bohling","usa","milk bars","2022-06-16",476,133,6,3.58,"Thursday"
"brien boise","uk","caramel stuffed bars","2022-03-04",2681,149,3,17.99,"Friday"
"curtice advani","new zealand","peanut butter cubes","2022-03-15",1533,434,3,3.53,"Tuesday"
"curtice advani","new zealand","50% dark bites","2022-01-27",9765,85,1,114.88,"Thursday"
"beverie moffet","canada","drinking choco","2022-07-05",994,118,7,8.42,"Tuesday"
"barr faughny","usa","caramel stuffed bars","2022-03-29",3318,299,3,11.10,"Tuesday"
"mallorie waber","canada","almond choco","2022-05-12",4214,35,5,120.40,"Thursday"
"oby sorrel","usa","drinking choco","2022-03-11",7714,44,3,175.32,"Friday"
"brien boise","new zealand","eclairs","2022-07-11",4690,299,7,15.69,"Monday"
"gunar cockshoot","new zealand","choco coated almonds","2022-08-01",13062,62,8,210.68,"Monday"
"gunar cockshoot","uk","spicy special slims","2022-02-16",12488,200,2,62.44,"Wednesday"
"curtice advani","usa","after nines","2022-04-13",14147,235,4,60.20,"Wednesday"
"oby sorrel","india","choco coated almonds","2022-02-14",49,363,2,0.14,"Monday"
"ches bonnell","australia","peanut butter cubes","2022-03-14",10199,68,3,149.99,"Monday"
"oby sorrel","australia","spicy special slims","2022-04-26",11389,26,4,438.04,"Tuesday"
"jehu rudeforth","canada","manuka honey choco","2022-04-05",3584,200,4,17.92,"Tuesday"
"camilla castle","canada","drinking choco","2022-03-03",12481,264,3,47.28,"Thursday"
"kaine padly","usa","spicy special slims","2022-06-13",2107,175,6,12.04,"Monday"
"marney o'breen","new zealand","70% dark bites","2022-02-14",8603,352,2,24.44,"Monday"
"roddy speechley","new zealand","99% dark & pure","2022-04-18",7483,183,4,40.89,"Monday"
"oby sorrel","new zealand","85% dark bars","2022-02-01",3381,417,2,8.11,"Tuesday"
"dotty strutley","new zealand","orange choco","2022-08-04",2030,146,8,13.90,"Thursday"
"andria kimpton","new zealand","almond choco","2022-04-05",6559,158,4,41.51,"Tuesday"
"karlen mccaffrey","australia","99% dark & pure","2022-01-26",10822,168,1,64.42,"Wednesday"
"kaine padly","uk","after nines","2022-01-21",18697,176,1,106.23,"Friday"
"kaine padly","canada","after nines","2022-08-22",5845,172,8,33.98,"Monday"
"kaine padly","uk","drinking choco","2022-01-27",2317,224,1,10.34,"Thursday"
"rafaelita blaksland","uk","50% dark bites","2022-02-16",10150,68,2,149.27,"Wednesday"
"dotty strutley","usa","raspberry choco","2022-01-03",3437,46,1,74.72,"Monday"
"karlen mccaffrey","usa","white choco","2022-08-24",4592,2,8,2296.00,"Wednesday"
"oby sorrel","usa","spicy special slims","2022-02-07",5691,417,2,13.65,"Monday"
"mallorie waber","australia","smooth silky salty","2022-02-11",4158,109,2,38.15,"Friday"
"kaine padly","canada","organic choco syrup","2022-03-29",5684,81,3,70.17,"Tuesday"
"marney o'breen","usa","peanut butter cubes","2022-06-15",693,350,6,1.98,"Wednesday"
"dennison crosswaite","uk","smooth silky salty","2022-04-26",546,142,4,3.85,"Tuesday"
"brien boise","australia","organic choco syrup","2022-07-15",4263,264,7,16.15,"Friday"
"beverie moffet","india","organic choco syrup","2022-06-23",1036,20,6,51.80,"Thursday"
"dennison crosswaite","australia","baker's choco chips","2022-01-11",13846,421,1,32.89,"Tuesday"
"beverie moffet","uk","50% dark bites","2022-02-09",2499,271,2,9.22,"Wednesday"
"van tuxwell","uk","almond choco","2022-06-06",10689,204,6,52.40,"Monday"
"dotty strutley","uk","caramel stuffed bars","2022-08-10",5768,235,8,24.55,"Wednesday"
"wilone o'kielt","australia","smooth silky salty","2022-01-04",2226,46,1,48.39,"Tuesday"
"andria kimpton","canada","70% dark bites","2022-04-08",10262,15,4,684.13,"Friday"
"barr faughny","uk","milk bars","2022-03-02",3864,430,3,8.99,"Wednesday"
"van tuxwell","canada","drinking choco","2022-06-15",4900,709,6,6.91,"Wednesday"
"jehu rudeforth","australia","after nines","2022-02-14",5250,47,2,111.70,"Monday"
"husein augar","uk","after nines","2022-07-05",3507,380,7,9.23,"Tuesday"
"barr faughny","india","mint chip choco","2022-01-12",7413,465,1,15.94,"Wednesday"
"curtice advani","india","mint chip choco","2022-03-03",8155,96,3,84.95,"Thursday"
"jehu rudeforth","new zealand","milk bars","2022-05-18",2478,188,5,13.18,"Wednesday"
"gunar cockshoot","india","caramel stuffed bars","2022-07-28",2471,202,7,12.23,"Thursday"
"curtice advani","uk","manuka honey choco","2022-02-07",1666,106,2,15.72,"Monday"
"andria kimpton","india","orange choco","2022-05-30",301,421,5,0.72,"Monday"
"mallorie waber","australia","raspberry choco","2022-04-25",8400,27,4,311.11,"Monday"
"beverie moffet","canada","85% dark bars","2022-02-16",6139,45,2,136.42,"Wednesday"
"kelci walkden","australia","drinking choco","2022-05-04",1288,60,5,21.47,"Wednesday"
"van tuxwell","canada","70% dark bites","2022-06-02",7077,77,6,91.91,"Thursday"
"dennison crosswaite","usa","caramel stuffed bars","2022-07-11",2317,464,7,4.99,"Monday"
"beverie moffet","new zealand","spicy special slims","2022-06-07",63,60,6,1.05,"Tuesday"
"jan morforth","uk","almond choco","2022-07-06",9744,157,7,62.06,"Wednesday"
"husein augar","india","raspberry choco","2022-06-15",9954,154,6,64.64,"Wednesday"
"dotty strutley","india","mint chip choco","2022-04-14",1260,239,4,5.27,"Thursday"
"camilla castle","india","drinking choco","2022-08-08",469,163,8,2.88,"Monday"
"marney o'breen","uk","drinking choco","2022-03-29",973,28,3,34.75,"Tuesday"
"roddy speechley","australia","organic choco syrup","2022-07-04",3647,76,7,47.99,"Monday"
"ches bonnell","india","99% dark & pure","2022-02-16",455,96,2,4.74,"Wednesday"
"rafaelita blaksland","canada","spicy special slims","2022-05-02",2520,156,5,16.15,"Monday"
"van tuxwell","india","eclairs","2022-07-21",10500,106,7,99.06,"Thursday"
"gunar cockshoot","australia","99% dark & pure","2022-08-18",7952,235,8,33.84,"Thursday"
"kaine padly","usa","85% dark bars","2022-06-22",483,259,6,1.87,"Wednesday"
"camilla castle","uk","peanut butter cubes","2022-07-19",4872,126,7,38.67,"Tuesday"
"madelene upcott","uk","peanut butter cubes","2022-08-12",7756,85,8,91.25,"Friday"
"madelene upcott","usa","choco coated almonds","2022-06-07",5446,132,6,41.26,"Tuesday"
"marney o'breen","canada","peanut butter cubes","2022-03-08",6594,91,3,72.46,"Tuesday"
"ches bonnell","australia","choco coated almonds","2022-04-08",1470,167,4,8.80,"Friday"
"curtice advani","canada","eclairs","2022-05-06",721,203,5,3.55,"Friday"
"roddy speechley","india","drinking choco","2022-05-31",4494,11,5,408.55,"Tuesday"
"van tuxwell","australia","mint chip choco","2022-01-13",2674,295,1,9.06,"Thursday"
"dennison crosswaite","usa","70% dark bites","2022-03-15",658,77,3,8.55,"Tuesday"
"andria kimpton","canada","peanut butter cubes","2022-02-16",1127,319,2,3.53,"Wednesday"
"gigi bohling","usa","70% dark bites","2022-01-14",7364,196,1,37.57,"Friday"
"rafaelita blaksland","australia","white choco","2022-03-21",6818,102,3,66.84,"Monday"
"roddy speechley","canada","drinking choco","2022-05-17",6776,312,5,21.72,"Tuesday"
"camilla castle","new zealand","85% dark bars","2022-08-08",15099,55,8,274.53,"Monday"
"madelene upcott","canada","milk bars","2022-04-26",3612,82,4,44.05,"Tuesday"
"madelene upcott","australia","70% dark bites","2022-04-15",3710,260,4,14.27,"Friday"
"oby sorrel","canada","eclairs","2022-05-19",6111,591,5,10.34,"Thursday"
"dennison crosswaite","canada","drinking choco","2022-01-10",2702,24,1,112.58,"Monday"
"mallorie waber","new zealand","after nines","2022-05-04",483,228,5,2.12,"Wednesday"
"roddy speechley","canada","white choco","2022-04-05",5887,268,4,21.97,"Tuesday"
"andria kimpton","india","after nines","2022-01-17",952,68,1,14.00,"Monday"
"roddy speechley","india","spicy special slims","2022-03-22",10647,173,3,61.54,"Tuesday"
"dotty strutley","australia","white choco","2022-07-05",6055,93,7,65.11,"Tuesday"
"oby sorrel","canada","orange choco","2022-04-27",8757,338,4,25.91,"Wednesday"
"kaine padly","canada","almond choco","2022-08-12",6055,73,8,82.95,"Friday"
"jan morforth","uk","baker's choco chips","2022-03-11",721,251,3,2.87,"Friday"
"jehu rudeforth","uk","fruit & nut bars","2022-05-13",8589,229,5,37.51,"Friday"
"dennison crosswaite","usa","smooth silky salty","2022-05-12",11781,91,5,129.46,"Thursday"
"brien boise","usa","raspberry choco","2022-01-12",672,194,1,3.46,"Wednesday"
"madelene upcott","new zealand","milk bars","2022-03-29",12558,403,3,31.16,"Tuesday"
"roddy speechley","india","50% dark bites","2022-03-14",8337,12,3,694.75,"Monday"
"barr faughny","new zealand","99% dark & pure","2022-05-24",8134,195,5,41.71,"Tuesday"
"dennison crosswaite","canada","organic choco syrup","2022-01-28",8491,75,1,113.21,"Friday"
"beverie moffet","india","almond choco","2022-05-24",3066,96,5,31.94,"Tuesday"
"brien boise","australia","peanut butter cubes","2022-08-19",301,205,8,1.47,"Friday"
"karlen mccaffrey","australia","spicy special slims","2022-05-17",4410,323,5,13.65,"Tuesday"
"jehu rudeforth","usa","white choco","2022-06-07",6559,119,6,55.12,"Tuesday"
"ches bonnell","canada","organic choco syrup","2022-07-26",574,217,7,2.65,"Tuesday"
"dotty strutley","india","eclairs","2022-07-28",2086,384,7,5.43,"Thursday"
"karlen mccaffrey","india","70% dark bites","2022-05-23",5075,344,5,14.75,"Monday"
